Path,class
train/pn/56804.jpg,5
train/ma/21326.jpg,3
train/gu/25667.jpg,1
train/ur/70712.jpg,7
train/kn/10763.jpg,2
train/kn/70774.jpg,2
train/gu/36854.jpg,1
train/ur/18114.jpg,7
train/od/35356.jpg,4
train/kn/70609.jpg,2
train/bn/27421.jpg,0
train/ur/12591.jpg,7
train/pn/30421.jpg,5
train/ma/67702.jpg,3
train/pn/65276.jpg,5
train/ta/27127.jpg,6
train/kn/24980.jpg,2
train/od/22792.jpg,4
train/gu/11014.jpg,1
train/ta/48438.jpg,6
train/kn/11011.jpg,2
train/ma/73332.jpg,3
train/ta/47915.jpg,6
train/ta/570.jpg,6
train/kn/67092.jpg,2
train/bn/53580.jpg,0
train/gu/70720.jpg,1
train/gu/28866.jpg,1
train/ma/17746.jpg,3
train/ur/44831.jpg,7
train/kn/33550.jpg,2
train/gu/1903.jpg,1
train/od/46220.jpg,4
train/kn/125.jpg,2
train/kn/30579.jpg,2
train/ma/39764.jpg,3
train/gu/18731.jpg,1
train/ta/33425.jpg,6
train/kn/59110.jpg,2
train/ur/56808.jpg,7
train/ur/33524.jpg,7
train/ur/64448.jpg,7
train/ma/15358.jpg,3
train/ma/39041.jpg,3
train/ta/42544.jpg,6
train/ta/19780.jpg,6
train/kn/14811.jpg,2
train/ur/10581.jpg,7
train/ma/79780.jpg,3
train/ur/23002.jpg,7
train/kn/25333.jpg,2
train/ta/24741.jpg,6
train/ur/34788.jpg,7
train/pn/64614.jpg,5
train/ur/39566.jpg,7
train/ur/11653.jpg,7
train/od/18917.jpg,4
train/gu/12903.jpg,1
train/bn/62312.jpg,0
train/ta/70658.jpg,6
train/ta/45346.jpg,6
train/od/48242.jpg,4
train/ma/40822.jpg,3
train/od/10544.jpg,4
train/od/41417.jpg,4
train/gu/75943.jpg,1
train/ma/50815.jpg,3
train/pn/75513.jpg,5
train/ta/28232.jpg,6
train/od/555.jpg,4
train/ta/3271.jpg,6
train/gu/34684.jpg,1
train/ur/66369.jpg,7
train/ur/35116.jpg,7
train/ma/41358.jpg,3
train/pn/363.jpg,5
train/gu/66164.jpg,1
train/ma/76360.jpg,3
train/ur/4443.jpg,7
train/ur/47055.jpg,7
train/od/59056.jpg,4
train/pn/47351.jpg,5
train/gu/20288.jpg,1
train/bn/63932.jpg,0
train/ur/14680.jpg,7
train/pn/53722.jpg,5
train/bn/65512.jpg,0
train/ma/10814.jpg,3
train/ma/71314.jpg,3
train/pn/57744.jpg,5
train/ma/39853.jpg,3
train/ur/20244.jpg,7
train/gu/34715.jpg,1
train/bn/69462.jpg,0
train/pn/78223.jpg,5
train/pn/7450.jpg,5
train/ta/44653.jpg,6
train/od/59319.jpg,4
train/ta/73231.jpg,6
train/kn/64151.jpg,2
train/kn/61839.jpg,2
train/od/34802.jpg,4
train/kn/65529.jpg,2
train/pn/39999.jpg,5
train/pn/37530.jpg,5
train/pn/53023.jpg,5
train/pn/42996.jpg,5
train/kn/25599.jpg,2
train/gu/44951.jpg,1
train/ur/16210.jpg,7
train/ur/6274.jpg,7
train/kn/55523.jpg,2
train/ma/84715.jpg,3
train/gu/22096.jpg,1
train/gu/79361.jpg,1
train/gu/55883.jpg,1
train/gu/21849.jpg,1
train/ma/31517.jpg,3
train/ma/47981.jpg,3
train/bn/51935.jpg,0
train/bn/82459.jpg,0
train/bn/45555.jpg,0
train/pn/18618.jpg,5
train/od/36566.jpg,4
train/kn/36150.jpg,2
train/ur/19172.jpg,7
train/ur/62377.jpg,7
train/ta/40908.jpg,6
train/ma/83352.jpg,3
train/bn/3265.jpg,0
train/ta/38545.jpg,6
train/od/8032.jpg,4
train/bn/14215.jpg,0
train/ta/2716.jpg,6
train/pn/23446.jpg,5
train/bn/69757.jpg,0
train/ur/50525.jpg,7
train/ta/15485.jpg,6
train/ur/4674.jpg,7
train/ta/49013.jpg,6
train/ur/7228.jpg,7
train/bn/73805.jpg,0
train/kn/52899.jpg,2
train/ta/45236.jpg,6
train/bn/16662.jpg,0
train/gu/76736.jpg,1
train/bn/65395.jpg,0
train/od/5035.jpg,4
train/od/4449.jpg,4
train/ma/39535.jpg,3
train/ta/31959.jpg,6
train/ta/33510.jpg,6
train/kn/23277.jpg,2
train/ta/74552.jpg,6
train/pn/12508.jpg,5
train/od/46517.jpg,4
train/bn/53588.jpg,0
train/pn/42731.jpg,5
train/pn/53376.jpg,5
train/ma/24886.jpg,3
train/bn/22820.jpg,0
train/kn/10610.jpg,2
train/pn/5062.jpg,5
train/ta/11963.jpg,6
train/bn/74270.jpg,0
train/ur/26106.jpg,7
train/pn/31449.jpg,5
train/ta/30703.jpg,6
train/pn/25741.jpg,5
train/ur/56202.jpg,7
train/bn/67751.jpg,0
train/kn/54643.jpg,2
train/pn/75814.jpg,5
train/ta/9188.jpg,6
train/od/29845.jpg,4
train/ma/71808.jpg,3
train/od/22389.jpg,4
train/pn/22647.jpg,5
train/bn/36409.jpg,0
train/gu/48556.jpg,1
train/kn/15270.jpg,2
train/gu/72968.jpg,1
train/ta/74454.jpg,6
train/ma/19578.jpg,3
train/kn/62814.jpg,2
train/gu/61497.jpg,1
train/ma/29283.jpg,3
train/kn/4395.jpg,2
train/pn/55636.jpg,5
train/gu/4320.jpg,1
train/gu/32898.jpg,1
train/ur/48119.jpg,7
train/od/31988.jpg,4
train/gu/48024.jpg,1
train/bn/60517.jpg,0
train/ma/70407.jpg,3
train/kn/45913.jpg,2
train/pn/47598.jpg,5
train/kn/32967.jpg,2
train/bn/52859.jpg,0
train/bn/14625.jpg,0
train/kn/73024.jpg,2
train/ma/80729.jpg,3
train/ur/44400.jpg,7
train/od/37884.jpg,4
train/ta/38884.jpg,6
train/ta/72203.jpg,6
train/od/49182.jpg,4
train/ur/13370.jpg,7
train/ma/65495.jpg,3
train/kn/37659.jpg,2
train/ur/38243.jpg,7
train/ma/62363.jpg,3
train/pn/41424.jpg,5
train/od/35002.jpg,4
train/pn/6698.jpg,5
train/od/66303.jpg,4
train/pn/43111.jpg,5
train/bn/75462.jpg,0
train/kn/3558.jpg,2
train/ta/42682.jpg,6
train/gu/74706.jpg,1
train/pn/27499.jpg,5
train/bn/13967.jpg,0
train/pn/34292.jpg,5
train/pn/46744.jpg,5
train/pn/5521.jpg,5
train/pn/1785.jpg,5
train/ur/1175.jpg,7
train/ma/14627.jpg,3
train/gu/18515.jpg,1
train/pn/15935.jpg,5
train/gu/56881.jpg,1
train/ur/56915.jpg,7
train/bn/32150.jpg,0
train/ta/75801.jpg,6
train/ma/15610.jpg,3
train/ur/20007.jpg,7
train/gu/70560.jpg,1
train/gu/35456.jpg,1
train/pn/74487.jpg,5
train/od/63044.jpg,4
train/od/23119.jpg,4
train/ma/52671.jpg,3
train/ta/3686.jpg,6
train/od/52520.jpg,4
train/od/67231.jpg,4
train/ma/32981.jpg,3
train/gu/39037.jpg,1
train/ur/14267.jpg,7
train/ma/82772.jpg,3
train/gu/80269.jpg,1
train/ur/65175.jpg,7
train/bn/23359.jpg,0
train/bn/27479.jpg,0
train/od/46675.jpg,4
train/ta/22060.jpg,6
train/kn/31954.jpg,2
train/pn/28128.jpg,5
train/od/67758.jpg,4
train/ma/19595.jpg,3
train/ur/63545.jpg,7
train/gu/6139.jpg,1
train/ma/53515.jpg,3
train/ma/56111.jpg,3
train/gu/15164.jpg,1
train/od/2335.jpg,4
train/bn/31949.jpg,0
train/ta/55690.jpg,6
train/ur/13888.jpg,7
train/od/68218.jpg,4
train/kn/71420.jpg,2
train/ma/3058.jpg,3
train/bn/66875.jpg,0
train/bn/72466.jpg,0
train/ur/1823.jpg,7
train/pn/39088.jpg,5
train/ur/8661.jpg,7
train/gu/36670.jpg,1
train/kn/47563.jpg,2
train/gu/17227.jpg,1
train/ta/34248.jpg,6
train/gu/7810.jpg,1
train/pn/32616.jpg,5
train/bn/60656.jpg,0
train/bn/39394.jpg,0
train/bn/19503.jpg,0
train/gu/63111.jpg,1
train/od/46026.jpg,4
train/gu/31667.jpg,1
train/pn/19879.jpg,5
train/pn/72254.jpg,5
train/ma/19081.jpg,3
train/ma/1442.jpg,3
train/od/13628.jpg,4
train/od/9597.jpg,4
train/od/57303.jpg,4
train/bn/81377.jpg,0
train/gu/75264.jpg,1
train/ma/40033.jpg,3
train/bn/18904.jpg,0
train/bn/76835.jpg,0
train/ta/30177.jpg,6
train/ta/17270.jpg,6
train/ma/63506.jpg,3
train/ma/80761.jpg,3
train/gu/66649.jpg,1
train/pn/52307.jpg,5
train/bn/43166.jpg,0
train/od/1986.jpg,4
train/ta/50796.jpg,6
train/bn/41628.jpg,0
train/ma/13565.jpg,3
train/ur/61568.jpg,7
train/kn/48933.jpg,2
train/gu/26665.jpg,1
train/ta/1711.jpg,6
train/bn/79714.jpg,0
train/od/27997.jpg,4
train/od/7163.jpg,4
train/pn/16971.jpg,5
train/ta/6007.jpg,6
train/od/59140.jpg,4
train/kn/18619.jpg,2
train/ma/66143.jpg,3
train/ma/26040.jpg,3
train/ma/38389.jpg,3
train/ur/16896.jpg,7
train/ta/48370.jpg,6
train/kn/55595.jpg,2
train/ur/23228.jpg,7
train/ta/34158.jpg,6
train/od/16314.jpg,4
train/ur/19268.jpg,7
train/kn/34829.jpg,2
train/pn/54470.jpg,5
train/pn/51342.jpg,5
train/od/22374.jpg,4
train/od/72932.jpg,4
train/ur/53529.jpg,7
train/bn/55775.jpg,0
train/ur/55945.jpg,7
train/pn/25199.jpg,5
train/ur/55028.jpg,7
train/gu/60148.jpg,1
train/gu/81570.jpg,1
train/ur/12695.jpg,7
train/ur/42328.jpg,7
train/bn/13928.jpg,0
train/ta/64734.jpg,6
train/bn/69148.jpg,0
train/bn/22863.jpg,0
train/ta/7496.jpg,6
train/ur/18591.jpg,7
train/ta/50222.jpg,6
train/bn/27452.jpg,0
train/bn/3973.jpg,0
train/ur/44355.jpg,7
train/ur/17119.jpg,7
train/gu/8867.jpg,1
train/ta/21770.jpg,6
train/bn/49529.jpg,0
train/bn/20463.jpg,0
train/gu/8207.jpg,1
train/ta/2094.jpg,6
train/ta/22145.jpg,6
train/ma/55578.jpg,3
train/gu/4042.jpg,1
train/ta/17964.jpg,6
train/ma/67225.jpg,3
train/bn/51330.jpg,0
train/ur/46693.jpg,7
train/od/15236.jpg,4
train/bn/70961.jpg,0
train/gu/78606.jpg,1
train/ma/64693.jpg,3
train/od/34540.jpg,4
train/pn/33481.jpg,5
train/kn/7428.jpg,2
train/ma/81372.jpg,3
train/pn/5488.jpg,5
train/ur/54642.jpg,7
train/bn/12454.jpg,0
train/pn/67495.jpg,5
train/kn/57278.jpg,2
train/od/6374.jpg,4
train/bn/10460.jpg,0
train/gu/62368.jpg,1
train/gu/61489.jpg,1
train/od/59915.jpg,4
train/ta/52358.jpg,6
train/od/71655.jpg,4
train/bn/18901.jpg,0
train/ta/26147.jpg,6
train/od/51179.jpg,4
train/ur/45149.jpg,7
train/kn/47687.jpg,2
train/ma/39737.jpg,3
train/ta/17875.jpg,6
train/kn/1891.jpg,2
train/od/45439.jpg,4
train/ma/60558.jpg,3
train/kn/53457.jpg,2
train/kn/66452.jpg,2
train/kn/66112.jpg,2
train/od/5433.jpg,4
train/od/40421.jpg,4
train/ta/12432.jpg,6
train/bn/56553.jpg,0
train/kn/31031.jpg,2
train/ta/38138.jpg,6
train/kn/22632.jpg,2
train/ta/29323.jpg,6
train/ma/34725.jpg,3
train/ta/59712.jpg,6
train/pn/42363.jpg,5
train/ma/70721.jpg,3
train/gu/66489.jpg,1
train/kn/46556.jpg,2
train/od/58846.jpg,4
train/ta/57018.jpg,6
train/pn/32801.jpg,5
train/bn/9116.jpg,0
train/ta/27238.jpg,6
train/gu/71780.jpg,1
train/pn/60247.jpg,5
train/gu/37481.jpg,1
train/kn/9347.jpg,2
train/od/62659.jpg,4
train/gu/33497.jpg,1
train/bn/59923.jpg,0
train/ur/37081.jpg,7
train/gu/60731.jpg,1
train/bn/23544.jpg,0
train/bn/26029.jpg,0
train/kn/14841.jpg,2
train/ma/53784.jpg,3
train/ta/23720.jpg,6
train/kn/12441.jpg,2
train/bn/30195.jpg,0
train/pn/57934.jpg,5
train/ma/78401.jpg,3
train/od/48421.jpg,4
train/ta/47835.jpg,6
train/kn/1224.jpg,2
train/kn/25374.jpg,2
train/bn/28126.jpg,0
train/pn/1962.jpg,5
train/pn/77023.jpg,5
train/ma/23820.jpg,3
train/ta/11430.jpg,6
train/ur/44511.jpg,7
train/ma/57233.jpg,3
train/ta/26708.jpg,6
train/od/62678.jpg,4
train/gu/32501.jpg,1
train/gu/62280.jpg,1
train/ma/76960.jpg,3
train/pn/16511.jpg,5
train/pn/33970.jpg,5
train/ma/80775.jpg,3
train/ta/36657.jpg,6
train/ur/20572.jpg,7
train/ma/33381.jpg,3
train/pn/44534.jpg,5
train/kn/22304.jpg,2
train/kn/63856.jpg,2
train/od/17178.jpg,4
train/ma/49674.jpg,3
train/ta/16919.jpg,6
train/gu/82424.jpg,1
train/gu/60838.jpg,1
train/kn/44589.jpg,2
train/kn/42017.jpg,2
train/od/6231.jpg,4
train/ta/30385.jpg,6
train/gu/64482.jpg,1
train/pn/15732.jpg,5
train/pn/17664.jpg,5
train/ta/40556.jpg,6
train/kn/69313.jpg,2
train/ma/54973.jpg,3
train/kn/36996.jpg,2
train/ma/44650.jpg,3
train/ta/5911.jpg,6
train/ur/59916.jpg,7
train/ma/5825.jpg,3
train/kn/52054.jpg,2
train/kn/34198.jpg,2
train/od/27887.jpg,4
train/ma/64436.jpg,3
train/pn/20746.jpg,5
train/ur/62976.jpg,7
train/bn/3194.jpg,0
train/ma/61551.jpg,3
train/ta/39553.jpg,6
train/kn/11086.jpg,2
train/kn/5981.jpg,2
train/ma/79345.jpg,3
train/ma/55271.jpg,3
train/gu/54883.jpg,1
train/gu/15697.jpg,1
train/pn/29530.jpg,5
train/pn/36869.jpg,5
train/od/6165.jpg,4
train/pn/27796.jpg,5
train/gu/3529.jpg,1
train/od/49017.jpg,4
train/pn/8420.jpg,5
train/ma/29073.jpg,3
train/gu/29267.jpg,1
train/bn/80262.jpg,0
train/gu/13203.jpg,1
train/gu/77574.jpg,1
train/gu/29295.jpg,1
train/ur/37105.jpg,7
train/pn/71416.jpg,5
train/kn/55975.jpg,2
train/ta/26076.jpg,6
train/ur/10998.jpg,7
train/ur/57814.jpg,7
train/bn/5259.jpg,0
train/kn/54785.jpg,2
train/gu/66454.jpg,1
train/ma/29127.jpg,3
train/ta/53745.jpg,6
train/ma/51278.jpg,3
train/ur/38444.jpg,7
train/bn/34000.jpg,0
train/bn/31101.jpg,0
train/ur/38769.jpg,7
train/gu/1730.jpg,1
train/ur/26346.jpg,7
train/ma/74750.jpg,3
train/ur/1888.jpg,7
train/pn/62743.jpg,5
train/od/8833.jpg,4
train/od/50580.jpg,4
train/pn/28171.jpg,5
train/ma/26514.jpg,3
train/kn/5300.jpg,2
train/ma/21482.jpg,3
train/ma/78750.jpg,3
train/gu/24849.jpg,1
train/pn/54552.jpg,5
train/kn/61698.jpg,2
train/od/7550.jpg,4
train/bn/65507.jpg,0
train/gu/31842.jpg,1
train/gu/35936.jpg,1
train/ta/10562.jpg,6
train/pn/69366.jpg,5
train/ur/17002.jpg,7
train/od/49245.jpg,4
train/ur/45532.jpg,7
train/od/15258.jpg,4
train/ma/18472.jpg,3
train/bn/15288.jpg,0
train/ur/37034.jpg,7
train/ta/11325.jpg,6
train/ta/16362.jpg,6
train/ta/1830.jpg,6
train/ma/58663.jpg,3
train/bn/70071.jpg,0
train/od/16879.jpg,4
train/ur/11623.jpg,7
train/kn/9202.jpg,2
train/bn/72498.jpg,0
train/bn/67196.jpg,0
train/bn/59290.jpg,0
train/ta/28281.jpg,6
train/pn/58365.jpg,5
train/ur/66504.jpg,7
train/ma/29448.jpg,3
train/od/5679.jpg,4
train/ta/10339.jpg,6
train/ta/22248.jpg,6
train/kn/1401.jpg,2
train/ma/16405.jpg,3
train/ma/67183.jpg,3
train/gu/24970.jpg,1
train/gu/40356.jpg,1
train/kn/1280.jpg,2
train/od/11772.jpg,4
train/bn/2617.jpg,0
train/ta/41657.jpg,6
train/ma/80032.jpg,3
train/ur/46112.jpg,7
train/gu/80059.jpg,1
train/kn/28691.jpg,2
train/bn/4347.jpg,0
train/gu/17349.jpg,1
train/kn/790.jpg,2
train/od/27387.jpg,4
train/ma/56033.jpg,3
train/pn/44617.jpg,5
train/od/33069.jpg,4
train/od/5211.jpg,4
train/bn/24291.jpg,0
train/bn/68304.jpg,0
train/bn/32275.jpg,0
train/od/23851.jpg,4
train/ma/36102.jpg,3
train/gu/48849.jpg,1
train/ma/74155.jpg,3
train/od/321.jpg,4
train/ma/36114.jpg,3
train/pn/43176.jpg,5
train/gu/76762.jpg,1
train/ma/78494.jpg,3
train/gu/2735.jpg,1
train/ta/37952.jpg,6
train/gu/78896.jpg,1
train/kn/9837.jpg,2
train/pn/51315.jpg,5
train/gu/60724.jpg,1
train/gu/24353.jpg,1
train/ta/16668.jpg,6
train/ta/13548.jpg,6
train/ur/64706.jpg,7
train/ur/24796.jpg,7
train/kn/52225.jpg,2
train/ta/70622.jpg,6
train/gu/47288.jpg,1
train/kn/57077.jpg,2
train/bn/62134.jpg,0
train/ur/51131.jpg,7
train/kn/25714.jpg,2
train/ta/8973.jpg,6
train/gu/34546.jpg,1
train/ta/52448.jpg,6
train/gu/47200.jpg,1
train/ma/83644.jpg,3
train/ta/30433.jpg,6
train/pn/29230.jpg,5
train/gu/72453.jpg,1
train/kn/36022.jpg,2
train/ma/6955.jpg,3
train/bn/7102.jpg,0
train/gu/76677.jpg,1
train/kn/44241.jpg,2
train/ur/65233.jpg,7
train/pn/25425.jpg,5
train/kn/24714.jpg,2
train/od/593.jpg,4
train/bn/47303.jpg,0
train/ta/63325.jpg,6
train/bn/42222.jpg,0
train/pn/7163.jpg,5
train/ur/4958.jpg,7
train/pn/46281.jpg,5
train/pn/27536.jpg,5
train/ta/29808.jpg,6
train/kn/48759.jpg,2
train/kn/68693.jpg,2
train/kn/56731.jpg,2
train/ta/8808.jpg,6
train/kn/67499.jpg,2
train/gu/33471.jpg,1
train/ta/29171.jpg,6
train/bn/51084.jpg,0
train/gu/69079.jpg,1
train/kn/28909.jpg,2
train/ma/48357.jpg,3
train/gu/80502.jpg,1
train/od/57632.jpg,4
train/gu/45983.jpg,1
train/bn/41948.jpg,0
train/ma/52307.jpg,3
train/ta/70611.jpg,6
train/ta/66457.jpg,6
train/ur/11795.jpg,7
train/ta/30205.jpg,6
train/ma/18183.jpg,3
train/ta/27739.jpg,6
train/gu/249.jpg,1
train/ur/13074.jpg,7
train/ur/62521.jpg,7
train/kn/45909.jpg,2
train/kn/71181.jpg,2
train/pn/32335.jpg,5
train/kn/14084.jpg,2
train/pn/460.jpg,5
train/ta/67179.jpg,6
train/ur/45514.jpg,7
train/od/37013.jpg,4
train/kn/7633.jpg,2
train/pn/75045.jpg,5
train/pn/30965.jpg,5
train/ma/4919.jpg,3
train/gu/24593.jpg,1
train/od/57285.jpg,4
train/ma/68544.jpg,3
train/od/27971.jpg,4
train/pn/68624.jpg,5
train/ta/5510.jpg,6
train/ta/10063.jpg,6
train/od/26800.jpg,4
train/ur/45868.jpg,7
train/bn/31181.jpg,0
train/ta/52900.jpg,6
train/gu/10277.jpg,1
train/bn/56472.jpg,0
train/ur/52942.jpg,7
train/gu/2641.jpg,1
train/ma/66855.jpg,3
train/ur/53004.jpg,7
train/ma/56635.jpg,3
train/ta/36810.jpg,6
train/ta/33143.jpg,6
train/ta/5152.jpg,6
train/gu/57603.jpg,1
train/ur/49556.jpg,7
train/gu/65473.jpg,1
train/ta/40914.jpg,6
train/ma/49889.jpg,3
train/kn/60960.jpg,2
train/ma/75699.jpg,3
train/od/63361.jpg,4
train/pn/2770.jpg,5
train/gu/68104.jpg,1
train/ta/51944.jpg,6
train/kn/42703.jpg,2
train/kn/15452.jpg,2
train/bn/11707.jpg,0
train/ma/20989.jpg,3
train/bn/61504.jpg,0
train/gu/74376.jpg,1
train/pn/20809.jpg,5
train/gu/32661.jpg,1
train/gu/33388.jpg,1
train/ur/27559.jpg,7
train/ur/59620.jpg,7
train/ta/55358.jpg,6
train/ur/7939.jpg,7
train/ta/53271.jpg,6
train/gu/9425.jpg,1
train/od/23927.jpg,4
train/gu/75929.jpg,1
train/kn/6565.jpg,2
train/kn/18722.jpg,2
train/ta/75166.jpg,6
train/pn/31335.jpg,5
train/ta/63330.jpg,6
train/od/45453.jpg,4
train/ma/68012.jpg,3
train/kn/47153.jpg,2
train/gu/52113.jpg,1
train/od/16476.jpg,4
train/ma/14779.jpg,3
train/od/19069.jpg,4
train/gu/5046.jpg,1
train/bn/5845.jpg,0
train/ur/51225.jpg,7
train/ur/32623.jpg,7
train/pn/54624.jpg,5
train/gu/1127.jpg,1
train/bn/60451.jpg,0
train/ur/67863.jpg,7
train/pn/21757.jpg,5
train/gu/27128.jpg,1
train/kn/43658.jpg,2
train/ur/40596.jpg,7
train/ta/61220.jpg,6
train/ma/69489.jpg,3
train/ma/72906.jpg,3
train/bn/75222.jpg,0
train/od/19939.jpg,4
train/ur/14590.jpg,7
train/kn/8032.jpg,2
train/ur/69753.jpg,7
train/gu/13612.jpg,1
train/kn/45187.jpg,2
train/od/71548.jpg,4
train/gu/55348.jpg,1
train/ur/54997.jpg,7
train/od/46759.jpg,4
train/pn/62999.jpg,5
train/ta/54945.jpg,6
train/pn/47395.jpg,5
train/bn/60359.jpg,0
train/ur/20336.jpg,7
train/bn/16232.jpg,0
train/pn/19940.jpg,5
train/ur/24142.jpg,7
train/kn/68583.jpg,2
train/ta/64644.jpg,6
train/ur/16554.jpg,7
train/bn/75325.jpg,0
train/ta/24233.jpg,6
train/ur/57478.jpg,7
train/gu/59318.jpg,1
train/od/19553.jpg,4
train/ur/48477.jpg,7
train/pn/80724.jpg,5
train/ma/32480.jpg,3
train/ur/60686.jpg,7
train/ur/40370.jpg,7
train/bn/29715.jpg,0
train/ur/46620.jpg,7
train/pn/76342.jpg,5
train/ma/24197.jpg,3
train/od/16910.jpg,4
train/bn/53756.jpg,0
train/kn/32714.jpg,2
train/ur/10628.jpg,7
train/gu/12691.jpg,1
train/gu/12665.jpg,1
train/gu/75369.jpg,1
train/pn/22998.jpg,5
train/ur/29891.jpg,7
train/gu/60780.jpg,1
train/ur/38900.jpg,7
train/od/6107.jpg,4
train/gu/57747.jpg,1
train/ma/16109.jpg,3
train/kn/6361.jpg,2
train/od/16269.jpg,4
train/ur/41614.jpg,7
train/ma/40172.jpg,3
train/bn/79760.jpg,0
train/ma/24001.jpg,3
train/ur/57966.jpg,7
train/gu/41225.jpg,1
train/ma/16882.jpg,3
train/bn/42405.jpg,0
train/pn/47721.jpg,5
train/gu/60701.jpg,1
train/gu/27789.jpg,1
train/ur/7235.jpg,7
train/gu/25971.jpg,1
train/bn/77830.jpg,0
train/ur/39065.jpg,7
train/kn/73530.jpg,2
train/ta/33309.jpg,6
train/bn/2432.jpg,0
train/ta/29553.jpg,6
train/bn/14789.jpg,0
train/kn/16165.jpg,2
train/od/1245.jpg,4
train/ur/35428.jpg,7
train/bn/39183.jpg,0
train/ur/62707.jpg,7
train/ur/16506.jpg,7
train/kn/13244.jpg,2
train/ta/18030.jpg,6
train/od/32651.jpg,4
train/ta/58794.jpg,6
train/bn/39614.jpg,0
train/kn/47484.jpg,2
train/bn/36682.jpg,0
train/gu/54999.jpg,1
train/ta/72779.jpg,6
train/ta/20137.jpg,6
train/od/64795.jpg,4
train/bn/67638.jpg,0
train/bn/23644.jpg,0
train/ur/6949.jpg,7
train/bn/72047.jpg,0
train/ta/75315.jpg,6
train/pn/18813.jpg,5
train/gu/59478.jpg,1
train/ma/29317.jpg,3
train/ur/33901.jpg,7
train/od/27906.jpg,4
train/kn/38483.jpg,2
train/pn/49875.jpg,5
train/ta/32463.jpg,6
train/od/61514.jpg,4
train/pn/80527.jpg,5
train/ta/49519.jpg,6
train/gu/34205.jpg,1
train/ma/25153.jpg,3
train/ta/6341.jpg,6
train/ta/32328.jpg,6
train/gu/12347.jpg,1
train/ta/26892.jpg,6
train/gu/40999.jpg,1
train/bn/70816.jpg,0
train/od/17974.jpg,4
train/ma/1364.jpg,3
train/od/47479.jpg,4
train/ta/32138.jpg,6
train/ta/71863.jpg,6
train/kn/144.jpg,2
train/kn/5136.jpg,2
train/pn/8447.jpg,5
train/ta/46454.jpg,6
train/ur/58582.jpg,7
train/ma/33200.jpg,3
train/bn/39542.jpg,0
train/kn/42374.jpg,2
train/bn/30657.jpg,0
train/ur/3900.jpg,7
train/ma/30817.jpg,3
train/kn/28223.jpg,2
train/pn/76617.jpg,5
train/ma/74077.jpg,3
train/ta/73268.jpg,6
train/od/66994.jpg,4
train/od/19902.jpg,4
train/ma/49569.jpg,3
train/pn/42248.jpg,5
train/ur/18140.jpg,7
train/gu/22534.jpg,1
train/od/17078.jpg,4
train/ma/52390.jpg,3
train/gu/38227.jpg,1
train/ma/2615.jpg,3
train/ta/15455.jpg,6
train/bn/46474.jpg,0
train/kn/22916.jpg,2
train/od/106.jpg,4
train/pn/16330.jpg,5
train/od/21440.jpg,4
train/ur/1981.jpg,7
train/kn/47160.jpg,2
train/ur/10481.jpg,7
train/pn/16865.jpg,5
train/pn/9051.jpg,5
train/gu/46150.jpg,1
train/ur/4466.jpg,7
train/ta/29847.jpg,6
train/ta/57037.jpg,6
train/ur/24341.jpg,7
train/od/19207.jpg,4
train/bn/16555.jpg,0
train/pn/11539.jpg,5
train/ur/11904.jpg,7
train/ma/85049.jpg,3
train/gu/35794.jpg,1
train/kn/13036.jpg,2
train/gu/2636.jpg,1
train/ta/28753.jpg,6
train/ur/20579.jpg,7
train/pn/48817.jpg,5
train/gu/59755.jpg,1
train/kn/8134.jpg,2
train/kn/20559.jpg,2
train/kn/59386.jpg,2
train/ma/61975.jpg,3
train/ma/75072.jpg,3
train/ma/3679.jpg,3
train/ta/54721.jpg,6
train/ma/50331.jpg,3
train/bn/71059.jpg,0
train/ta/8182.jpg,6
train/gu/66395.jpg,1
train/kn/40991.jpg,2
train/ta/69064.jpg,6
train/ma/46068.jpg,3
train/od/58405.jpg,4
train/ur/2356.jpg,7
train/od/66136.jpg,4
train/pn/9323.jpg,5
train/gu/25878.jpg,1
train/ur/4400.jpg,7
train/ur/26939.jpg,7
train/ma/28822.jpg,3
train/ta/51557.jpg,6
train/ur/59499.jpg,7
train/gu/21685.jpg,1
train/ur/56828.jpg,7
train/ur/43697.jpg,7
train/ma/77713.jpg,3
train/ma/74305.jpg,3
train/ur/27883.jpg,7
train/kn/73320.jpg,2
train/gu/41875.jpg,1
train/ma/49477.jpg,3
train/ma/16688.jpg,3
train/ur/71118.jpg,7
train/ma/73511.jpg,3
train/pn/53188.jpg,5
train/ma/67623.jpg,3
train/gu/22493.jpg,1
train/kn/56778.jpg,2
train/kn/73044.jpg,2
train/gu/8437.jpg,1
train/kn/71412.jpg,2
train/pn/72219.jpg,5
train/ta/24747.jpg,6
train/ta/48317.jpg,6
train/ur/15208.jpg,7
train/ma/55938.jpg,3
train/od/67865.jpg,4
train/bn/18173.jpg,0
train/gu/77329.jpg,1
train/ur/18745.jpg,7
train/od/23242.jpg,4
train/od/57223.jpg,4
train/kn/12440.jpg,2
train/od/52113.jpg,4
train/ma/7660.jpg,3
train/od/66328.jpg,4
train/pn/7908.jpg,5
train/bn/79647.jpg,0
train/od/62565.jpg,4
train/ta/53281.jpg,6
train/od/16342.jpg,4
train/gu/45671.jpg,1
train/kn/39703.jpg,2
train/ma/5590.jpg,3
train/ma/50503.jpg,3
train/pn/78195.jpg,5
train/kn/69021.jpg,2
train/pn/7495.jpg,5
train/ta/18007.jpg,6
train/ur/13410.jpg,7
train/kn/34507.jpg,2
train/gu/49501.jpg,1
train/ta/60629.jpg,6
train/bn/15975.jpg,0
train/od/11133.jpg,4
train/pn/55710.jpg,5
train/ma/16315.jpg,3
train/kn/55144.jpg,2
train/gu/6022.jpg,1
train/bn/78407.jpg,0
train/od/2352.jpg,4
train/ur/37753.jpg,7
train/gu/66766.jpg,1
train/ma/26753.jpg,3
train/ma/51169.jpg,3
train/ma/26958.jpg,3
train/od/16474.jpg,4
train/bn/27439.jpg,0
train/pn/27946.jpg,5
train/bn/55933.jpg,0
train/ta/12596.jpg,6
train/ma/36210.jpg,3
train/ta/4809.jpg,6
train/pn/27894.jpg,5
train/ur/58182.jpg,7
train/gu/81912.jpg,1
train/od/32399.jpg,4
train/gu/18368.jpg,1
train/ur/33273.jpg,7
train/kn/29235.jpg,2
train/gu/47363.jpg,1
train/bn/17265.jpg,0
train/pn/15697.jpg,5
train/kn/38967.jpg,2
train/pn/69254.jpg,5
train/ma/58032.jpg,3
train/ta/52715.jpg,6
train/od/43779.jpg,4
train/ta/4601.jpg,6
train/gu/1747.jpg,1
train/bn/79742.jpg,0
train/od/47160.jpg,4
train/kn/15968.jpg,2
train/bn/78288.jpg,0
train/bn/68708.jpg,0
train/bn/36717.jpg,0
train/ur/63748.jpg,7
train/kn/68352.jpg,2
train/gu/51527.jpg,1
train/od/3634.jpg,4
train/bn/62636.jpg,0
train/od/46776.jpg,4
train/gu/23876.jpg,1
train/od/2333.jpg,4
train/kn/16524.jpg,2
train/gu/4038.jpg,1
train/od/46251.jpg,4
train/kn/47782.jpg,2
train/kn/29914.jpg,2
train/kn/54167.jpg,2
train/pn/68168.jpg,5
train/ma/74462.jpg,3
train/gu/72146.jpg,1
train/ur/8601.jpg,7
train/od/61964.jpg,4
train/ta/17690.jpg,6
train/ma/53521.jpg,3
train/pn/48178.jpg,5
train/bn/18491.jpg,0
train/pn/80628.jpg,5
train/pn/42905.jpg,5
train/ta/54249.jpg,6
train/ma/1270.jpg,3
train/ta/28261.jpg,6
train/ta/50290.jpg,6
train/ur/42666.jpg,7
train/ta/68112.jpg,6
train/bn/67350.jpg,0
train/ma/79103.jpg,3
train/ur/61480.jpg,7
train/bn/55968.jpg,0
train/pn/40230.jpg,5
train/ma/82082.jpg,3
train/ur/43054.jpg,7
train/gu/59068.jpg,1
train/gu/79560.jpg,1
train/ur/54515.jpg,7
train/pn/45726.jpg,5
train/ma/16861.jpg,3
train/ta/21630.jpg,6
train/bn/11156.jpg,0
train/pn/78585.jpg,5
train/ta/4815.jpg,6
train/ta/13696.jpg,6
train/ta/70005.jpg,6
train/kn/3117.jpg,2
train/ta/49521.jpg,6
train/ma/30083.jpg,3
train/ta/26292.jpg,6
train/ma/60293.jpg,3
train/ta/52278.jpg,6
train/od/73635.jpg,4
train/pn/28525.jpg,5
train/bn/8671.jpg,0
train/gu/55849.jpg,1
train/bn/13808.jpg,0
train/gu/67796.jpg,1
train/ma/17555.jpg,3
train/od/22071.jpg,4
train/ur/48446.jpg,7
train/ur/68113.jpg,7
train/ta/56932.jpg,6
train/gu/58868.jpg,1
train/bn/14596.jpg,0
train/od/64309.jpg,4
train/od/22620.jpg,4
train/pn/7218.jpg,5
train/bn/20221.jpg,0
train/gu/19853.jpg,1
train/ur/67719.jpg,7
train/ur/11021.jpg,7
train/ma/67505.jpg,3
train/pn/63511.jpg,5
train/gu/6569.jpg,1
train/od/5596.jpg,4
train/pn/31824.jpg,5
train/gu/12480.jpg,1
train/od/71636.jpg,4
train/kn/11856.jpg,2
train/ur/13482.jpg,7
train/kn/63874.jpg,2
train/ta/64965.jpg,6
train/bn/23662.jpg,0
train/ta/4280.jpg,6
train/od/36689.jpg,4
train/ur/48469.jpg,7
train/ur/4500.jpg,7
train/kn/57726.jpg,2
train/gu/30999.jpg,1
train/gu/77985.jpg,1
train/bn/13628.jpg,0
train/od/57175.jpg,4
train/ta/38708.jpg,6
train/pn/14054.jpg,5
train/kn/62485.jpg,2
train/bn/5019.jpg,0
train/gu/72891.jpg,1
train/pn/56057.jpg,5
train/kn/28217.jpg,2
train/gu/46321.jpg,1
train/pn/2986.jpg,5
train/gu/57189.jpg,1
train/od/27354.jpg,4
train/kn/63747.jpg,2
train/pn/64461.jpg,5
train/bn/64985.jpg,0
train/gu/20686.jpg,1
train/ta/38427.jpg,6
train/ur/20116.jpg,7
train/gu/19570.jpg,1
train/gu/44029.jpg,1
train/ur/7513.jpg,7
train/od/46850.jpg,4
train/pn/409.jpg,5
train/kn/38857.jpg,2
train/gu/55414.jpg,1
train/bn/16630.jpg,0
train/ur/48400.jpg,7
train/pn/13487.jpg,5
train/ta/52265.jpg,6
train/kn/21886.jpg,2
train/ta/15073.jpg,6
train/ur/23400.jpg,7
train/bn/17210.jpg,0
train/pn/49296.jpg,5
train/bn/81007.jpg,0
train/ma/71588.jpg,3
train/ta/68261.jpg,6
train/od/33177.jpg,4
train/od/31.jpg,4
train/ta/4565.jpg,6
train/ur/62748.jpg,7
train/gu/26148.jpg,1
train/kn/29848.jpg,2
train/ur/30206.jpg,7
train/bn/54881.jpg,0
train/pn/39103.jpg,5
train/gu/28152.jpg,1
train/ur/51311.jpg,7
train/kn/11475.jpg,2
train/od/27779.jpg,4
train/ur/527.jpg,7
train/kn/35501.jpg,2
train/ma/47942.jpg,3
train/gu/45596.jpg,1
train/bn/15987.jpg,0
train/bn/26576.jpg,0
train/od/22563.jpg,4
train/kn/966.jpg,2
train/kn/7055.jpg,2
train/ma/10143.jpg,3
train/ma/58107.jpg,3
train/ur/58013.jpg,7
train/od/66781.jpg,4
train/ur/221.jpg,7
train/ma/65158.jpg,3
train/bn/55670.jpg,0
train/bn/48445.jpg,0
train/ur/19786.jpg,7
train/od/34957.jpg,4
train/ur/61621.jpg,7
train/ma/55954.jpg,3
train/pn/41050.jpg,5
train/pn/59320.jpg,5
train/od/2642.jpg,4
train/gu/76148.jpg,1
train/pn/61690.jpg,5
train/ma/20410.jpg,3
train/bn/41332.jpg,0
train/ur/69469.jpg,7
train/kn/31288.jpg,2
train/pn/66476.jpg,5
train/kn/5705.jpg,2
train/ta/68367.jpg,6
train/kn/11983.jpg,2
train/pn/33729.jpg,5
train/ur/32751.jpg,7
train/gu/71908.jpg,1
train/ur/17029.jpg,7
train/gu/47291.jpg,1
train/ta/6953.jpg,6
train/kn/61744.jpg,2
train/gu/71856.jpg,1
train/od/48901.jpg,4
train/od/48838.jpg,4
train/pn/47492.jpg,5
train/kn/14704.jpg,2
train/kn/48496.jpg,2
train/kn/42249.jpg,2
train/gu/7880.jpg,1
train/gu/34744.jpg,1
train/ta/52377.jpg,6
train/bn/4124.jpg,0
train/od/23135.jpg,4
train/ta/52353.jpg,6
train/od/12266.jpg,4
train/ur/50589.jpg,7
train/ma/8879.jpg,3
train/pn/57406.jpg,5
train/bn/27187.jpg,0
train/gu/4048.jpg,1
train/ur/39786.jpg,7
train/ur/52398.jpg,7
train/ur/53266.jpg,7
train/ma/44398.jpg,3
train/ma/24176.jpg,3
train/ta/44512.jpg,6
train/kn/43725.jpg,2
train/bn/77761.jpg,0
train/bn/46740.jpg,0
train/od/22754.jpg,4
train/kn/61310.jpg,2
train/ma/12402.jpg,3
train/ta/1902.jpg,6
train/ma/41840.jpg,3
train/ta/28515.jpg,6
train/ta/13277.jpg,6
train/ta/30291.jpg,6
train/bn/38632.jpg,0
train/ur/64821.jpg,7
train/pn/66128.jpg,5
train/bn/10298.jpg,0
train/kn/59031.jpg,2
train/od/68186.jpg,4
train/pn/19975.jpg,5
train/ma/19963.jpg,3
train/bn/20452.jpg,0
train/ma/18408.jpg,3
train/ta/3049.jpg,6
train/kn/22022.jpg,2
train/ur/57870.jpg,7
train/ta/55105.jpg,6
train/ta/52065.jpg,6
train/od/54793.jpg,4
train/ur/21272.jpg,7
train/ma/32540.jpg,3
train/ur/26658.jpg,7
train/ta/19069.jpg,6
train/ta/54661.jpg,6
train/ta/13583.jpg,6
train/kn/19187.jpg,2
train/od/25942.jpg,4
train/bn/17913.jpg,0
train/gu/80489.jpg,1
train/kn/27900.jpg,2
train/ta/1957.jpg,6
train/ta/35514.jpg,6
train/ur/10607.jpg,7
train/ta/51990.jpg,6
train/od/19562.jpg,4
train/ta/75839.jpg,6
train/od/57423.jpg,4
train/bn/3803.jpg,0
train/ur/32700.jpg,7
train/ta/47638.jpg,6
train/bn/47603.jpg,0
train/bn/51941.jpg,0
train/od/53839.jpg,4
train/ma/29371.jpg,3
train/od/43175.jpg,4
train/ta/35050.jpg,6
train/ma/57850.jpg,3
train/od/34695.jpg,4
train/gu/73325.jpg,1
train/gu/67835.jpg,1
train/od/10862.jpg,4
train/kn/18558.jpg,2
train/od/19216.jpg,4
train/ta/4636.jpg,6
train/kn/49131.jpg,2
train/ta/41791.jpg,6
train/ma/31333.jpg,3
train/ma/50113.jpg,3
train/bn/59185.jpg,0
train/ur/22392.jpg,7
train/ma/14214.jpg,3
train/bn/13472.jpg,0
train/bn/31171.jpg,0
train/od/54903.jpg,4
train/bn/32289.jpg,0
train/kn/5775.jpg,2
train/kn/12117.jpg,2
train/ta/33810.jpg,6
train/gu/19263.jpg,1
train/od/62085.jpg,4
train/bn/42564.jpg,0
train/ta/47514.jpg,6
train/ur/14793.jpg,7
train/bn/20189.jpg,0
train/ur/53687.jpg,7
train/pn/36922.jpg,5
train/bn/51688.jpg,0
train/kn/40213.jpg,2
train/gu/79250.jpg,1
train/pn/22433.jpg,5
train/ta/58359.jpg,6
train/ta/18373.jpg,6
train/ur/23656.jpg,7
train/ma/45285.jpg,3
train/gu/43610.jpg,1
train/gu/23582.jpg,1
train/ma/79843.jpg,3
train/ur/11962.jpg,7
train/pn/2776.jpg,5
train/od/3473.jpg,4
train/ta/42789.jpg,6
train/pn/37367.jpg,5
train/kn/20485.jpg,2
train/od/37142.jpg,4
train/ma/33299.jpg,3
train/ta/13172.jpg,6
train/ma/8997.jpg,3
train/od/7609.jpg,4
train/gu/9608.jpg,1
train/gu/58350.jpg,1
train/ur/8294.jpg,7
train/gu/72373.jpg,1
train/od/66420.jpg,4
train/ur/42822.jpg,7
train/kn/6685.jpg,2
train/od/28990.jpg,4
train/gu/33781.jpg,1
train/gu/7461.jpg,1
train/ma/83558.jpg,3
train/od/60000.jpg,4
train/bn/27843.jpg,0
train/pn/45861.jpg,5
train/od/51824.jpg,4
train/kn/54793.jpg,2
train/ur/25126.jpg,7
train/bn/62897.jpg,0
train/ur/7536.jpg,7
train/pn/21903.jpg,5
train/ma/10570.jpg,3
train/gu/7760.jpg,1
train/ma/32720.jpg,3
train/bn/49393.jpg,0
train/bn/55319.jpg,0
train/ma/13773.jpg,3
train/bn/75727.jpg,0
train/ma/11803.jpg,3
train/ma/51198.jpg,3
train/ta/56021.jpg,6
train/ma/44969.jpg,3
train/pn/14976.jpg,5
train/ta/38945.jpg,6
train/kn/24383.jpg,2
train/ta/49765.jpg,6
train/pn/64715.jpg,5
train/bn/61240.jpg,0
train/kn/72277.jpg,2
train/bn/62356.jpg,0
train/pn/30639.jpg,5
train/kn/70199.jpg,2
train/od/49355.jpg,4
train/ur/45160.jpg,7
train/od/56964.jpg,4
train/kn/741.jpg,2
train/ma/69138.jpg,3
train/pn/37044.jpg,5
train/od/47531.jpg,4
train/ma/72516.jpg,3
train/od/48943.jpg,4
train/bn/41760.jpg,0
train/bn/71476.jpg,0
train/kn/48031.jpg,2
train/ta/18371.jpg,6
train/od/59303.jpg,4
train/kn/9474.jpg,2
train/bn/15769.jpg,0
train/ma/26779.jpg,3
train/ur/56704.jpg,7
train/ta/50030.jpg,6
train/pn/53661.jpg,5
train/od/6793.jpg,4
train/gu/60516.jpg,1
train/pn/14760.jpg,5
train/kn/12362.jpg,2
train/kn/640.jpg,2
train/kn/63896.jpg,2
train/gu/51123.jpg,1
train/bn/49511.jpg,0
train/bn/80200.jpg,0
train/od/894.jpg,4
train/gu/66243.jpg,1
train/ur/10709.jpg,7
train/bn/47312.jpg,0
train/od/17227.jpg,4
train/bn/68949.jpg,0
train/kn/24116.jpg,2
train/ur/35775.jpg,7
train/od/33907.jpg,4
train/od/24019.jpg,4
train/od/48188.jpg,4
train/gu/66555.jpg,1
train/pn/48430.jpg,5
train/od/61111.jpg,4
train/gu/77723.jpg,1
train/gu/9324.jpg,1
train/pn/1215.jpg,5
train/ta/6411.jpg,6
train/od/57439.jpg,4
train/ur/53910.jpg,7
train/ta/32825.jpg,6
train/ta/47648.jpg,6
train/gu/39332.jpg,1
train/bn/14212.jpg,0
train/ta/65350.jpg,6
train/pn/10210.jpg,5
train/kn/30055.jpg,2
train/ma/38962.jpg,3
train/bn/17185.jpg,0
train/od/50957.jpg,4
train/kn/8804.jpg,2
train/ur/6647.jpg,7
train/ur/39495.jpg,7
train/pn/62360.jpg,5
train/bn/63232.jpg,0
train/od/320.jpg,4
train/kn/51603.jpg,2
train/ta/16269.jpg,6
train/ma/83147.jpg,3
train/bn/19601.jpg,0
train/ur/39219.jpg,7
train/pn/77520.jpg,5
train/pn/69697.jpg,5
train/ur/39137.jpg,7
train/ur/42756.jpg,7
train/ur/53532.jpg,7
train/gu/16786.jpg,1
train/gu/80762.jpg,1
train/od/66792.jpg,4
train/ta/2532.jpg,6
train/gu/18331.jpg,1
train/kn/40033.jpg,2
train/ta/8865.jpg,6
train/pn/31242.jpg,5
train/kn/69950.jpg,2
train/kn/2143.jpg,2
train/gu/36061.jpg,1
train/gu/23344.jpg,1
train/gu/3183.jpg,1
train/ta/73638.jpg,6
train/od/65788.jpg,4
train/pn/14081.jpg,5
train/pn/70541.jpg,5
train/pn/43351.jpg,5
train/pn/19188.jpg,5
train/ur/15658.jpg,7
train/kn/39083.jpg,2
train/pn/15946.jpg,5
train/bn/7845.jpg,0
train/ta/4721.jpg,6
train/ur/38805.jpg,7
train/bn/75176.jpg,0
train/kn/24206.jpg,2
train/od/13561.jpg,4
train/ur/22635.jpg,7
train/bn/19792.jpg,0
train/ur/50982.jpg,7
train/od/30031.jpg,4
train/ta/75225.jpg,6
train/od/31266.jpg,4
train/gu/656.jpg,1
train/bn/48841.jpg,0
train/ma/50020.jpg,3
train/od/51732.jpg,4
train/od/2436.jpg,4
train/kn/35600.jpg,2
train/ta/5541.jpg,6
train/gu/75415.jpg,1
train/pn/9385.jpg,5
train/kn/11549.jpg,2
train/gu/31362.jpg,1
train/kn/29884.jpg,2
train/pn/66794.jpg,5
train/ta/65521.jpg,6
train/ma/3961.jpg,3
train/gu/64246.jpg,1
train/bn/46717.jpg,0
train/pn/67494.jpg,5
train/ta/60179.jpg,6
train/bn/18150.jpg,0
train/ur/16327.jpg,7
train/bn/25081.jpg,0
train/pn/56221.jpg,5
train/bn/28913.jpg,0
train/kn/26919.jpg,2
train/bn/35483.jpg,0
train/ma/48272.jpg,3
train/ma/79287.jpg,3
train/od/42939.jpg,4
train/ur/10878.jpg,7
train/bn/53210.jpg,0
train/ur/20272.jpg,7
train/gu/34355.jpg,1
train/ur/53438.jpg,7
train/ta/64270.jpg,6
train/ma/67606.jpg,3
train/gu/13719.jpg,1
train/pn/2388.jpg,5
train/bn/41087.jpg,0
train/ta/33503.jpg,6
train/kn/37839.jpg,2
train/od/58134.jpg,4
train/bn/78359.jpg,0
train/ta/13420.jpg,6
train/gu/39451.jpg,1
train/pn/57713.jpg,5
train/pn/24184.jpg,5
train/gu/74090.jpg,1
train/gu/39367.jpg,1
train/gu/18740.jpg,1
train/od/50105.jpg,4
train/bn/25737.jpg,0
train/pn/8075.jpg,5
train/ma/81712.jpg,3
train/gu/62192.jpg,1
train/pn/61130.jpg,5
train/gu/15983.jpg,1
train/ur/69839.jpg,7
train/od/9056.jpg,4
train/od/54056.jpg,4
train/bn/53387.jpg,0
train/kn/9800.jpg,2
train/od/49885.jpg,4
train/ma/83522.jpg,3
train/gu/44358.jpg,1
train/ta/2303.jpg,6
train/ur/21446.jpg,7
train/ma/67915.jpg,3
train/kn/1886.jpg,2
train/bn/79302.jpg,0
train/gu/67362.jpg,1
train/ma/62958.jpg,3
train/ma/5802.jpg,3
train/ta/48469.jpg,6
train/gu/52719.jpg,1
train/kn/34280.jpg,2
train/gu/77446.jpg,1
train/gu/8711.jpg,1
train/pn/65833.jpg,5
train/ur/10244.jpg,7
train/kn/53124.jpg,2
train/gu/73922.jpg,1
train/od/45363.jpg,4
train/gu/35042.jpg,1
train/ur/16791.jpg,7
train/pn/22943.jpg,5
train/ma/14910.jpg,3
train/kn/21849.jpg,2
train/bn/64560.jpg,0
train/pn/1665.jpg,5
train/kn/60600.jpg,2
train/ma/21001.jpg,3
train/gu/52830.jpg,1
train/ur/14549.jpg,7
train/od/35043.jpg,4
train/bn/43038.jpg,0
train/ma/38181.jpg,3
train/ta/22018.jpg,6
train/ur/48101.jpg,7
train/ma/58701.jpg,3
train/pn/6410.jpg,5
train/kn/42222.jpg,2
train/ur/54803.jpg,7
train/bn/78099.jpg,0
train/kn/31547.jpg,2
train/bn/11740.jpg,0
train/ta/12509.jpg,6
train/pn/77906.jpg,5
train/gu/53602.jpg,1
train/ma/66981.jpg,3
train/kn/40555.jpg,2
train/bn/23382.jpg,0
train/od/55435.jpg,4
train/pn/1929.jpg,5
train/od/39132.jpg,4
train/od/34672.jpg,4
train/ma/66179.jpg,3
train/ma/4227.jpg,3
train/od/57001.jpg,4
train/bn/77075.jpg,0
train/kn/21792.jpg,2
train/ta/47044.jpg,6
train/ta/55428.jpg,6
train/ta/48125.jpg,6
train/gu/9630.jpg,1
train/pn/72091.jpg,5
train/kn/60949.jpg,2
train/ma/33638.jpg,3
train/pn/43755.jpg,5
train/ma/407.jpg,3
train/kn/31747.jpg,2
train/kn/19523.jpg,2
train/pn/32565.jpg,5
train/ma/79903.jpg,3
train/gu/15496.jpg,1
train/pn/63285.jpg,5
train/pn/17029.jpg,5
train/ta/63711.jpg,6
train/bn/9316.jpg,0
train/ur/56871.jpg,7
train/od/15706.jpg,4
train/pn/63750.jpg,5
train/pn/71949.jpg,5
train/ma/32165.jpg,3
train/kn/41202.jpg,2
train/pn/32853.jpg,5
train/od/33464.jpg,4
train/bn/39854.jpg,0
train/bn/34814.jpg,0
train/kn/63014.jpg,2
train/ma/13877.jpg,3
train/gu/27861.jpg,1
train/ta/66600.jpg,6
train/ma/77683.jpg,3
train/ma/13604.jpg,3
train/gu/8959.jpg,1
train/ur/34315.jpg,7
train/pn/9443.jpg,5
train/od/15058.jpg,4
train/od/72051.jpg,4
train/ma/75008.jpg,3
train/ur/57609.jpg,7
train/ta/7153.jpg,6
train/od/29066.jpg,4
train/gu/74488.jpg,1
train/ur/8796.jpg,7
train/ur/46753.jpg,7
train/bn/78736.jpg,0
train/bn/51607.jpg,0
train/kn/22169.jpg,2
train/pn/11024.jpg,5
train/ta/1443.jpg,6
train/ta/58463.jpg,6
train/ma/27372.jpg,3
train/pn/54607.jpg,5
train/od/73447.jpg,4
train/od/61829.jpg,4
train/bn/81429.jpg,0
train/ma/5441.jpg,3
train/od/24202.jpg,4
train/ta/38413.jpg,6
train/ta/16778.jpg,6
train/pn/57120.jpg,5
train/ur/61065.jpg,7
train/ta/74784.jpg,6
train/gu/80153.jpg,1
train/ta/21022.jpg,6
train/ta/42773.jpg,6
train/od/32658.jpg,4
train/ur/45678.jpg,7
train/kn/10664.jpg,2
train/pn/44178.jpg,5
train/kn/71081.jpg,2
train/od/46558.jpg,4
train/ur/38432.jpg,7
train/ma/59093.jpg,3
train/ur/58392.jpg,7
train/bn/19370.jpg,0
train/gu/64835.jpg,1
train/ma/41774.jpg,3
train/od/62742.jpg,4
train/ta/65881.jpg,6
train/ma/21320.jpg,3
train/kn/20940.jpg,2
train/ma/56947.jpg,3
train/od/71384.jpg,4
train/ta/40821.jpg,6
train/pn/1385.jpg,5
train/bn/18890.jpg,0
train/ma/45596.jpg,3
train/kn/53630.jpg,2
train/bn/47830.jpg,0
train/gu/54555.jpg,1
train/bn/55197.jpg,0
train/bn/73727.jpg,0
train/gu/3963.jpg,1
train/ma/55704.jpg,3
train/bn/56189.jpg,0
train/ur/32527.jpg,7
train/ur/13948.jpg,7
train/bn/26412.jpg,0
train/ur/63371.jpg,7
train/pn/39345.jpg,5
train/bn/66297.jpg,0
train/ta/48857.jpg,6
train/ur/19586.jpg,7
train/ur/19410.jpg,7
train/gu/38840.jpg,1
train/od/22308.jpg,4
train/bn/284.jpg,0
train/bn/29617.jpg,0
train/pn/63038.jpg,5
train/gu/66140.jpg,1
train/ma/38340.jpg,3
train/ur/64382.jpg,7
train/ur/51338.jpg,7
train/od/24329.jpg,4
train/pn/75053.jpg,5
train/od/33393.jpg,4
train/gu/73089.jpg,1
train/od/51024.jpg,4
train/bn/11656.jpg,0
train/od/43896.jpg,4
train/kn/32596.jpg,2
train/pn/24465.jpg,5
train/gu/14423.jpg,1
train/ta/33813.jpg,6
train/ta/33003.jpg,6
train/gu/80488.jpg,1
train/od/59871.jpg,4
train/od/28081.jpg,4
train/ma/84333.jpg,3
train/pn/61972.jpg,5
train/ur/4901.jpg,7
train/od/20316.jpg,4
train/ma/85066.jpg,3
train/ta/57007.jpg,6
train/pn/40090.jpg,5
train/pn/68338.jpg,5
train/bn/38007.jpg,0
train/pn/73068.jpg,5
train/gu/26503.jpg,1
train/kn/38942.jpg,2
train/bn/71637.jpg,0
train/ma/3272.jpg,3
train/ma/40388.jpg,3
train/ma/84104.jpg,3
train/ma/31062.jpg,3
train/gu/73714.jpg,1
train/kn/3115.jpg,2
train/kn/54729.jpg,2
train/bn/60295.jpg,0
train/od/62059.jpg,4
train/kn/1753.jpg,2
train/gu/61381.jpg,1
train/ma/22773.jpg,3
train/gu/17797.jpg,1
train/od/35815.jpg,4
train/kn/69921.jpg,2
train/pn/41423.jpg,5
train/ma/42534.jpg,3
train/pn/77015.jpg,5
train/ur/24378.jpg,7
train/pn/22210.jpg,5
train/pn/17137.jpg,5
train/od/43778.jpg,4
train/pn/55039.jpg,5
train/ma/77734.jpg,3
train/bn/2431.jpg,0
train/bn/41098.jpg,0
train/ur/43846.jpg,7
train/ta/29824.jpg,6
train/ta/38672.jpg,6
train/od/704.jpg,4
train/ta/55293.jpg,6
train/bn/39007.jpg,0
train/gu/74950.jpg,1
train/bn/32103.jpg,0
train/ur/52991.jpg,7
train/pn/30979.jpg,5
train/ur/12936.jpg,7
train/kn/2890.jpg,2
train/pn/17449.jpg,5
train/kn/43734.jpg,2
train/pn/65439.jpg,5
train/gu/40751.jpg,1
train/bn/66004.jpg,0
train/kn/31237.jpg,2
train/od/22002.jpg,4
train/pn/48242.jpg,5
train/od/39219.jpg,4
train/od/23352.jpg,4
train/bn/39004.jpg,0
train/bn/74951.jpg,0
train/ma/50933.jpg,3
train/ur/43685.jpg,7
train/ta/35812.jpg,6
train/ma/48469.jpg,3
train/od/43938.jpg,4
train/ur/39559.jpg,7
train/od/27110.jpg,4
train/kn/11157.jpg,2
train/od/70302.jpg,4
train/ma/73120.jpg,3
train/bn/70938.jpg,0
train/ma/12060.jpg,3
train/kn/3350.jpg,2
train/ur/32371.jpg,7
train/od/69513.jpg,4
train/pn/12281.jpg,5
train/gu/12807.jpg,1
train/ur/64622.jpg,7
train/bn/79577.jpg,0
train/gu/57703.jpg,1
train/bn/60638.jpg,0
train/gu/64987.jpg,1
train/od/41262.jpg,4
train/bn/10171.jpg,0
train/gu/68475.jpg,1
train/od/33240.jpg,4
train/ta/58633.jpg,6
train/ta/53754.jpg,6
train/ta/23619.jpg,6
train/gu/74382.jpg,1
train/kn/32134.jpg,2
train/kn/48333.jpg,2
train/bn/78010.jpg,0
train/ur/38678.jpg,7
train/ta/48226.jpg,6
train/ur/62828.jpg,7
train/ma/70194.jpg,3
train/kn/66375.jpg,2
train/ur/57583.jpg,7
train/bn/59968.jpg,0
train/ur/1353.jpg,7
train/od/10297.jpg,4
train/ta/46339.jpg,6
train/bn/71714.jpg,0
train/ma/30428.jpg,3
train/bn/10136.jpg,0
train/pn/28910.jpg,5
train/od/60626.jpg,4
train/od/35205.jpg,4
train/pn/77009.jpg,5
train/ur/38324.jpg,7
train/gu/33951.jpg,1
train/bn/20809.jpg,0
train/ma/52359.jpg,3
train/pn/39268.jpg,5
train/od/44502.jpg,4
train/ta/52825.jpg,6
train/kn/16376.jpg,2
train/bn/73492.jpg,0
train/ma/34902.jpg,3
train/gu/50566.jpg,1
train/bn/29431.jpg,0
train/ta/42220.jpg,6
train/gu/30533.jpg,1
train/gu/60597.jpg,1
train/ta/18069.jpg,6
train/ta/34500.jpg,6
train/pn/26050.jpg,5
train/gu/44693.jpg,1
train/ur/56244.jpg,7
train/gu/52006.jpg,1
train/ma/4275.jpg,3
train/ur/29752.jpg,7
train/od/11323.jpg,4
train/bn/77384.jpg,0
train/ma/56450.jpg,3
train/pn/50049.jpg,5
train/ur/10193.jpg,7
train/od/39137.jpg,4
train/bn/59358.jpg,0
train/bn/48889.jpg,0
train/ur/23697.jpg,7
train/gu/58758.jpg,1
train/pn/78679.jpg,5
train/kn/9099.jpg,2
train/kn/65046.jpg,2
train/ur/66528.jpg,7
train/kn/5557.jpg,2
train/ma/49461.jpg,3
train/od/27699.jpg,4
train/ma/23894.jpg,3
train/bn/59314.jpg,0
train/gu/44297.jpg,1
train/gu/62978.jpg,1
train/pn/66170.jpg,5
train/ur/28570.jpg,7
train/ta/1567.jpg,6
train/ma/57958.jpg,3
train/od/22899.jpg,4
train/od/22634.jpg,4
train/gu/69351.jpg,1
train/od/3889.jpg,4
train/gu/22982.jpg,1
train/bn/15400.jpg,0
train/kn/16724.jpg,2
train/gu/78322.jpg,1
train/ta/22684.jpg,6
train/ta/53630.jpg,6
train/pn/24463.jpg,5
train/gu/74455.jpg,1
train/ur/47977.jpg,7
train/pn/962.jpg,5
train/kn/7190.jpg,2
train/bn/72889.jpg,0
train/gu/62935.jpg,1
train/gu/3867.jpg,1
train/ma/46392.jpg,3
train/ma/40322.jpg,3
train/gu/8068.jpg,1
train/ur/62443.jpg,7
train/ma/80258.jpg,3
train/pn/80358.jpg,5
train/ta/37084.jpg,6
train/od/14633.jpg,4
train/pn/42918.jpg,5
train/pn/165.jpg,5
train/bn/26181.jpg,0
train/kn/28246.jpg,2
train/ur/9304.jpg,7
train/gu/68141.jpg,1
train/od/19010.jpg,4
train/kn/29781.jpg,2
train/gu/74200.jpg,1
train/od/30324.jpg,4
train/ur/18243.jpg,7
train/gu/4677.jpg,1
train/pn/63871.jpg,5
train/bn/71148.jpg,0
train/ur/20699.jpg,7
train/bn/31003.jpg,0
train/bn/51815.jpg,0
train/od/1224.jpg,4
train/bn/32444.jpg,0
train/pn/75759.jpg,5
train/ma/31872.jpg,3
train/pn/72008.jpg,5
train/ma/36137.jpg,3
train/ur/8939.jpg,7
train/ur/29400.jpg,7
train/kn/28432.jpg,2
train/kn/60016.jpg,2
train/ur/67829.jpg,7
train/ur/64786.jpg,7
train/pn/45439.jpg,5
train/gu/39439.jpg,1
train/ur/15576.jpg,7
train/pn/77349.jpg,5
train/gu/70067.jpg,1
train/gu/71828.jpg,1
train/ur/16171.jpg,7
train/od/2586.jpg,4
train/ma/82476.jpg,3
train/bn/82037.jpg,0
train/pn/31965.jpg,5
train/kn/10713.jpg,2
train/ma/39876.jpg,3
train/gu/2567.jpg,1
train/bn/11446.jpg,0
train/ur/28915.jpg,7
train/ur/19597.jpg,7
train/ur/38484.jpg,7
train/ta/37803.jpg,6
train/pn/41863.jpg,5
train/ur/14870.jpg,7
train/od/36047.jpg,4
train/od/27590.jpg,4
train/pn/58685.jpg,5
train/ur/45999.jpg,7
train/pn/11547.jpg,5
train/gu/64242.jpg,1
train/bn/66628.jpg,0
train/kn/1327.jpg,2
train/ma/78611.jpg,3
train/od/31854.jpg,4
train/ur/25906.jpg,7
train/ma/15095.jpg,3
train/ma/8133.jpg,3
train/ur/49519.jpg,7
train/pn/42268.jpg,5
train/od/72528.jpg,4
train/ta/23444.jpg,6
train/pn/80210.jpg,5
train/ta/31715.jpg,6
train/bn/69649.jpg,0
train/od/44717.jpg,4
train/od/22855.jpg,4
train/ta/29776.jpg,6
train/gu/8262.jpg,1
train/kn/65986.jpg,2
train/ur/4829.jpg,7
train/ur/3071.jpg,7
train/ur/39648.jpg,7
train/bn/51652.jpg,0
train/pn/49509.jpg,5
train/ma/68288.jpg,3
train/pn/13806.jpg,5
train/gu/74110.jpg,1
train/od/59738.jpg,4
train/gu/68438.jpg,1
train/ma/11607.jpg,3
train/ma/36271.jpg,3
train/ma/36962.jpg,3
train/ta/71748.jpg,6
train/kn/37539.jpg,2
train/ta/21741.jpg,6
train/gu/56216.jpg,1
train/ma/40652.jpg,3
train/pn/52906.jpg,5
train/kn/6568.jpg,2
train/ta/1073.jpg,6
train/ma/44591.jpg,3
train/od/14909.jpg,4
train/kn/53579.jpg,2
train/ma/62293.jpg,3
train/ma/46288.jpg,3
train/bn/5777.jpg,0
train/ma/61202.jpg,3
train/ta/37068.jpg,6
train/kn/33348.jpg,2
train/od/12012.jpg,4
train/bn/39678.jpg,0
train/kn/10467.jpg,2
train/ur/67709.jpg,7
train/od/72819.jpg,4
train/bn/11588.jpg,0
train/ma/43243.jpg,3
train/kn/28664.jpg,2
train/bn/14575.jpg,0
train/kn/26123.jpg,2
train/gu/79812.jpg,1
train/pn/36255.jpg,5
train/pn/45181.jpg,5
train/ma/32990.jpg,3
train/pn/33472.jpg,5
train/ur/52222.jpg,7
train/ma/76813.jpg,3
train/ur/42039.jpg,7
train/ur/37506.jpg,7
train/bn/25734.jpg,0
train/ur/487.jpg,7
train/ma/9230.jpg,3
train/ma/1363.jpg,3
train/gu/29173.jpg,1
train/gu/1281.jpg,1
train/ta/65035.jpg,6
train/pn/16003.jpg,5
train/kn/35929.jpg,2
train/od/24898.jpg,4
train/gu/768.jpg,1
train/ma/37580.jpg,3
train/bn/68155.jpg,0
train/pn/65862.jpg,5
train/pn/67355.jpg,5
train/kn/58032.jpg,2
train/pn/48223.jpg,5
train/ur/31255.jpg,7
train/gu/78449.jpg,1
train/ta/56527.jpg,6
train/gu/43424.jpg,1
train/pn/13941.jpg,5
train/ma/9282.jpg,3
train/ta/50083.jpg,6
train/gu/2737.jpg,1
train/ta/9522.jpg,6
train/od/50261.jpg,4
train/ta/40020.jpg,6
train/ma/78585.jpg,3
train/kn/28797.jpg,2
train/pn/48517.jpg,5
train/ma/16985.jpg,3
train/gu/5415.jpg,1
train/ur/25128.jpg,7
train/pn/32156.jpg,5
train/pn/42439.jpg,5
train/ur/49982.jpg,7
train/kn/37073.jpg,2
train/gu/65646.jpg,1
train/bn/43447.jpg,0
train/ur/57204.jpg,7
train/od/7985.jpg,4
train/gu/24165.jpg,1
train/od/13503.jpg,4
train/ur/41877.jpg,7
train/pn/51357.jpg,5
train/ta/39765.jpg,6
train/ur/6964.jpg,7
train/ur/69635.jpg,7
train/pn/474.jpg,5
train/bn/70829.jpg,0
train/ta/45262.jpg,6
train/ur/65829.jpg,7
train/ta/36181.jpg,6
train/bn/47913.jpg,0
train/ur/9784.jpg,7
train/gu/39877.jpg,1
train/od/22456.jpg,4
train/od/31815.jpg,4
train/bn/22724.jpg,0
train/gu/20837.jpg,1
train/pn/50754.jpg,5
train/kn/218.jpg,2
train/kn/6469.jpg,2
train/ta/24105.jpg,6
train/ma/48635.jpg,3
train/od/32706.jpg,4
train/ta/1275.jpg,6
train/pn/21391.jpg,5
train/ta/4597.jpg,6
train/ur/70886.jpg,7
train/pn/38397.jpg,5
train/ur/15527.jpg,7
train/ta/43790.jpg,6
train/gu/64799.jpg,1
train/ta/64793.jpg,6
train/gu/4621.jpg,1
train/kn/28997.jpg,2
train/ur/60573.jpg,7
train/kn/10178.jpg,2
train/ur/23660.jpg,7
train/ma/4304.jpg,3
train/ur/68988.jpg,7
train/pn/36080.jpg,5
train/od/47291.jpg,4
train/ur/13532.jpg,7
train/gu/64362.jpg,1
train/pn/9672.jpg,5
train/gu/27958.jpg,1
train/od/48240.jpg,4
train/gu/22745.jpg,1
train/bn/77325.jpg,0
train/od/55842.jpg,4
train/ma/23272.jpg,3
train/pn/75281.jpg,5
train/ta/62707.jpg,6
train/ur/39092.jpg,7
train/bn/28463.jpg,0
train/gu/46507.jpg,1
train/gu/33732.jpg,1
train/ur/34896.jpg,7
train/od/47677.jpg,4
train/ta/75845.jpg,6
train/ta/57214.jpg,6
train/pn/18903.jpg,5
train/ma/44881.jpg,3
train/gu/22952.jpg,1
train/ta/803.jpg,6
train/gu/43039.jpg,1
train/gu/67122.jpg,1
train/gu/45626.jpg,1
train/bn/44852.jpg,0
train/pn/6895.jpg,5
train/ur/66266.jpg,7
train/ma/13639.jpg,3
train/pn/11788.jpg,5
train/kn/61733.jpg,2
train/kn/10905.jpg,2
train/bn/75163.jpg,0
train/ma/43468.jpg,3
train/ur/69580.jpg,7
train/kn/9101.jpg,2
train/pn/49178.jpg,5
train/pn/8986.jpg,5
train/ma/57585.jpg,3
train/ma/59462.jpg,3
train/ma/12392.jpg,3
train/bn/62701.jpg,0
train/bn/63835.jpg,0
train/gu/42442.jpg,1
train/bn/41174.jpg,0
train/kn/33001.jpg,2
train/od/54267.jpg,4
train/kn/50152.jpg,2
train/ta/54845.jpg,6
train/ur/24277.jpg,7
train/kn/3438.jpg,2
train/kn/66846.jpg,2
train/od/22758.jpg,4
train/kn/55597.jpg,2
train/od/47346.jpg,4
train/od/786.jpg,4
train/pn/42951.jpg,5
train/kn/10774.jpg,2
train/ma/78082.jpg,3
train/bn/25934.jpg,0
train/pn/72362.jpg,5
train/od/48633.jpg,4
train/ta/36013.jpg,6
train/bn/56659.jpg,0
train/gu/78035.jpg,1
train/ma/37566.jpg,3
train/od/28382.jpg,4
train/pn/52981.jpg,5
train/od/43151.jpg,4
train/pn/28796.jpg,5
train/bn/31824.jpg,0
train/od/65909.jpg,4
train/od/43346.jpg,4
train/od/45788.jpg,4
train/od/26900.jpg,4
train/ma/57849.jpg,3
train/kn/52707.jpg,2
train/gu/79115.jpg,1
train/pn/71653.jpg,5
train/bn/2913.jpg,0
train/ta/36492.jpg,6
train/kn/40492.jpg,2
train/pn/68580.jpg,5
train/ma/51186.jpg,3
train/ur/43977.jpg,7
train/ma/50072.jpg,3
train/ta/60893.jpg,6
train/ta/66772.jpg,6
train/ur/11235.jpg,7
train/ur/38252.jpg,7
train/kn/7240.jpg,2
train/od/35207.jpg,4
train/pn/76157.jpg,5
train/gu/4919.jpg,1
train/ta/21700.jpg,6
train/ma/63842.jpg,3
train/kn/53898.jpg,2
train/od/56251.jpg,4
train/gu/66460.jpg,1
train/ur/23162.jpg,7
train/gu/55385.jpg,1
train/gu/80864.jpg,1
train/ur/46219.jpg,7
train/pn/16063.jpg,5
train/bn/68453.jpg,0
train/gu/69454.jpg,1
train/od/31359.jpg,4
train/ta/25582.jpg,6
train/ma/819.jpg,3
train/gu/75077.jpg,1
train/pn/31808.jpg,5
train/ma/37754.jpg,3
train/bn/12342.jpg,0
train/kn/72855.jpg,2
train/bn/64022.jpg,0
train/ur/15696.jpg,7
train/od/57730.jpg,4
train/ur/61379.jpg,7
train/kn/3650.jpg,2
train/kn/39876.jpg,2
train/od/69481.jpg,4
train/ma/60294.jpg,3
train/pn/58048.jpg,5
train/ur/787.jpg,7
train/od/10376.jpg,4
train/ur/15982.jpg,7
train/kn/5990.jpg,2
train/ta/26358.jpg,6
train/ur/40294.jpg,7
train/bn/50967.jpg,0
train/kn/36702.jpg,2
train/pn/19628.jpg,5
train/kn/72697.jpg,2
train/od/71305.jpg,4
train/kn/50392.jpg,2
train/od/52412.jpg,4
train/ma/55143.jpg,3
train/od/61226.jpg,4
train/ta/853.jpg,6
train/bn/19021.jpg,0
train/kn/16748.jpg,2
train/pn/30201.jpg,5
train/bn/68223.jpg,0
train/bn/73693.jpg,0
train/gu/4774.jpg,1
train/ta/38199.jpg,6
train/ma/8894.jpg,3
train/ta/48848.jpg,6
train/ur/23394.jpg,7
train/kn/15677.jpg,2
train/pn/5233.jpg,5
train/bn/50593.jpg,0
train/bn/2771.jpg,0
train/ma/38626.jpg,3
train/od/32239.jpg,4
train/ta/66804.jpg,6
train/kn/45911.jpg,2
train/bn/26979.jpg,0
train/od/39640.jpg,4
train/pn/64633.jpg,5
train/bn/8127.jpg,0
train/kn/70801.jpg,2
train/bn/30117.jpg,0
train/gu/2177.jpg,1
train/kn/18851.jpg,2
train/od/46703.jpg,4
train/ma/37261.jpg,3
train/od/56638.jpg,4
train/gu/62426.jpg,1
train/od/39714.jpg,4
train/kn/40488.jpg,2
train/od/11375.jpg,4
train/ur/27606.jpg,7
train/ur/63060.jpg,7
train/ma/64900.jpg,3
train/ur/1253.jpg,7
train/gu/64282.jpg,1
train/ta/13931.jpg,6
train/kn/22854.jpg,2
train/od/32141.jpg,4
train/ur/69395.jpg,7
train/kn/36717.jpg,2
train/ta/2603.jpg,6
train/ta/8283.jpg,6
train/od/57409.jpg,4
train/pn/19665.jpg,5
train/ma/47816.jpg,3
train/bn/53847.jpg,0
train/bn/80077.jpg,0
train/ma/5088.jpg,3
train/ur/68104.jpg,7
train/ma/60095.jpg,3
train/gu/1433.jpg,1
train/ma/50377.jpg,3
train/pn/34614.jpg,5
train/bn/50457.jpg,0
train/ur/49621.jpg,7
train/bn/58662.jpg,0
train/ma/62646.jpg,3
train/pn/1398.jpg,5
train/ta/4715.jpg,6
train/gu/80476.jpg,1
train/bn/31870.jpg,0
train/gu/62349.jpg,1
train/pn/1640.jpg,5
train/ma/35511.jpg,3
train/ma/67059.jpg,3
train/ta/63120.jpg,6
train/kn/50343.jpg,2
train/od/18012.jpg,4
train/od/8279.jpg,4
train/kn/55884.jpg,2
train/od/7516.jpg,4
train/bn/36938.jpg,0
train/kn/53953.jpg,2
train/bn/6328.jpg,0
train/ta/51179.jpg,6
train/od/60428.jpg,4
train/gu/20100.jpg,1
train/ta/1137.jpg,6
train/kn/5374.jpg,2
train/kn/40651.jpg,2
train/kn/64640.jpg,2
train/kn/21072.jpg,2
train/ur/16124.jpg,7
train/bn/28986.jpg,0
train/gu/40121.jpg,1
train/pn/9229.jpg,5
train/ta/19250.jpg,6
train/ma/33551.jpg,3
train/od/19911.jpg,4
train/ur/54431.jpg,7
train/pn/4716.jpg,5
train/pn/61892.jpg,5
train/ma/34699.jpg,3
train/kn/69944.jpg,2
train/ur/19740.jpg,7
train/ta/68217.jpg,6
train/ta/64089.jpg,6
train/ta/31119.jpg,6
train/pn/36974.jpg,5
train/kn/16496.jpg,2
train/ma/66164.jpg,3
train/pn/48216.jpg,5
train/kn/1287.jpg,2
train/gu/72662.jpg,1
train/gu/3536.jpg,1
train/ur/59835.jpg,7
train/kn/35510.jpg,2
train/kn/65682.jpg,2
train/ta/16616.jpg,6
train/pn/9843.jpg,5
train/gu/15084.jpg,1
train/bn/70990.jpg,0
train/pn/68921.jpg,5
train/ta/3461.jpg,6
train/ma/13504.jpg,3
train/od/71494.jpg,4
train/bn/54241.jpg,0
train/kn/1857.jpg,2
train/gu/50140.jpg,1
train/ta/28942.jpg,6
train/kn/2610.jpg,2
train/pn/71573.jpg,5
train/bn/39722.jpg,0
train/od/64747.jpg,4
train/ma/5104.jpg,3
train/od/3125.jpg,4
train/od/379.jpg,4
train/bn/72327.jpg,0
train/kn/58594.jpg,2
train/od/18986.jpg,4
train/gu/12003.jpg,1
train/pn/58867.jpg,5
train/ur/59111.jpg,7
train/ur/47469.jpg,7
train/od/15244.jpg,4
train/od/62114.jpg,4
train/kn/21509.jpg,2
train/pn/53634.jpg,5
train/ur/31879.jpg,7
train/gu/38831.jpg,1
train/ta/66949.jpg,6
train/ma/24980.jpg,3
train/gu/13356.jpg,1
train/ur/67739.jpg,7
train/bn/72177.jpg,0
train/ta/63138.jpg,6
train/ur/34596.jpg,7
train/ur/48293.jpg,7
train/ta/42776.jpg,6
train/ma/81997.jpg,3
train/od/1198.jpg,4
train/gu/6389.jpg,1
train/ta/26526.jpg,6
train/gu/42526.jpg,1
train/ma/44813.jpg,3
train/gu/66137.jpg,1
train/kn/25069.jpg,2
train/kn/51141.jpg,2
train/kn/72479.jpg,2
train/od/6573.jpg,4
train/od/25757.jpg,4
train/ta/12646.jpg,6
train/bn/50794.jpg,0
train/pn/76543.jpg,5
train/gu/68130.jpg,1
train/gu/72070.jpg,1
train/ta/33597.jpg,6
train/ta/24538.jpg,6
train/od/6294.jpg,4
train/od/9852.jpg,4
train/bn/58069.jpg,0
train/od/15661.jpg,4
train/kn/69892.jpg,2
train/bn/33772.jpg,0
train/bn/33639.jpg,0
train/od/65666.jpg,4
train/ma/74860.jpg,3
train/bn/34278.jpg,0
train/gu/54852.jpg,1
train/pn/80222.jpg,5
train/ta/61332.jpg,6
train/ma/55742.jpg,3
train/pn/57037.jpg,5
train/ta/55475.jpg,6
train/kn/39745.jpg,2
train/kn/43559.jpg,2
train/pn/37081.jpg,5
train/gu/72824.jpg,1
train/kn/23931.jpg,2
train/bn/10718.jpg,0
train/pn/752.jpg,5
train/bn/53780.jpg,0
train/od/7046.jpg,4
train/ma/54955.jpg,3
train/ma/70330.jpg,3
train/pn/70653.jpg,5
train/ur/15800.jpg,7
train/ur/8186.jpg,7
train/kn/30796.jpg,2
train/bn/35604.jpg,0
train/bn/41676.jpg,0
train/ta/42721.jpg,6
train/bn/10086.jpg,0
train/bn/22541.jpg,0
train/ma/8085.jpg,3
train/kn/2850.jpg,2
train/ma/78895.jpg,3
train/ta/67616.jpg,6
train/bn/45633.jpg,0
train/ma/23564.jpg,3
train/od/35553.jpg,4
train/pn/70460.jpg,5
train/ur/70850.jpg,7
train/gu/42000.jpg,1
train/bn/23776.jpg,0
train/gu/36475.jpg,1
train/kn/5308.jpg,2
train/ta/59386.jpg,6
train/gu/60785.jpg,1
train/od/27030.jpg,4
train/gu/29360.jpg,1
train/gu/68935.jpg,1
train/kn/19024.jpg,2
train/bn/2199.jpg,0
train/pn/72545.jpg,5
train/ur/20517.jpg,7
train/od/32855.jpg,4
train/kn/21584.jpg,2
train/pn/59077.jpg,5
train/ta/20107.jpg,6
train/ta/11200.jpg,6
train/ma/14636.jpg,3
train/ma/80516.jpg,3
train/ma/6406.jpg,3
train/od/3070.jpg,4
train/kn/67789.jpg,2
train/ur/18256.jpg,7
train/ta/27655.jpg,6
train/ma/61842.jpg,3
train/ur/70687.jpg,7
train/pn/67159.jpg,5
train/ma/15762.jpg,3
train/pn/55852.jpg,5
train/gu/17588.jpg,1
train/kn/34481.jpg,2
train/od/17818.jpg,4
train/ta/56312.jpg,6
train/ta/75132.jpg,6
train/ta/26472.jpg,6
train/ur/5677.jpg,7
train/kn/34609.jpg,2
train/ta/67961.jpg,6
train/ur/27429.jpg,7
train/ma/2392.jpg,3
train/ur/63858.jpg,7
train/od/34245.jpg,4
train/ur/64456.jpg,7
train/bn/39062.jpg,0
train/kn/10418.jpg,2
train/pn/2602.jpg,5
train/ur/29349.jpg,7
train/pn/27075.jpg,5
train/kn/5575.jpg,2
train/bn/50831.jpg,0
train/od/4512.jpg,4
train/pn/29640.jpg,5
train/ma/47082.jpg,3
train/kn/57596.jpg,2
train/kn/61284.jpg,2
train/gu/77015.jpg,1
train/kn/63921.jpg,2
train/ma/46136.jpg,3
train/bn/49661.jpg,0
train/bn/47858.jpg,0
train/kn/36171.jpg,2
train/ta/54651.jpg,6
train/ma/66065.jpg,3
train/od/18583.jpg,4
train/ta/454.jpg,6
train/pn/1638.jpg,5
train/ta/75179.jpg,6
train/kn/32176.jpg,2
train/ta/15251.jpg,6
train/gu/79012.jpg,1
train/ma/32467.jpg,3
train/ma/37494.jpg,3
train/od/18166.jpg,4
train/od/26367.jpg,4
train/gu/56233.jpg,1
train/ma/67300.jpg,3
train/pn/67730.jpg,5
train/bn/33312.jpg,0
train/od/49226.jpg,4
train/od/8700.jpg,4
train/gu/73650.jpg,1
train/ur/14031.jpg,7
train/gu/14313.jpg,1
train/ur/68319.jpg,7
train/kn/47749.jpg,2
train/ma/62399.jpg,3
train/ma/46542.jpg,3
train/ur/21340.jpg,7
train/kn/72666.jpg,2
train/od/24119.jpg,4
train/ur/29824.jpg,7
train/kn/53043.jpg,2
train/pn/1154.jpg,5
train/kn/40243.jpg,2
train/bn/68048.jpg,0
train/pn/48731.jpg,5
train/gu/23705.jpg,1
train/ma/80004.jpg,3
train/kn/11175.jpg,2
train/pn/63668.jpg,5
train/od/11515.jpg,4
train/od/1402.jpg,4
train/kn/22572.jpg,2
train/od/19731.jpg,4
train/ma/19330.jpg,3
train/gu/32552.jpg,1
train/ur/12664.jpg,7
train/ta/4287.jpg,6
train/pn/29741.jpg,5
train/pn/44698.jpg,5
train/od/4770.jpg,4
train/bn/48690.jpg,0
train/bn/40229.jpg,0
train/ma/53158.jpg,3
train/gu/72275.jpg,1
train/ta/9346.jpg,6
train/ma/30521.jpg,3
train/gu/14927.jpg,1
train/gu/50680.jpg,1
train/od/50404.jpg,4
train/pn/14945.jpg,5
train/kn/4940.jpg,2
train/kn/52258.jpg,2
train/ma/12127.jpg,3
train/ma/16126.jpg,3
train/ur/62292.jpg,7
train/ma/2326.jpg,3
train/pn/58452.jpg,5
train/od/15787.jpg,4
train/bn/45224.jpg,0
train/bn/81006.jpg,0
train/od/3990.jpg,4
train/ur/69636.jpg,7
train/pn/62489.jpg,5
train/kn/14519.jpg,2
train/pn/37677.jpg,5
train/ta/22364.jpg,6
train/pn/31498.jpg,5
train/ta/17938.jpg,6
train/ma/6740.jpg,3
train/od/67236.jpg,4
train/ur/23890.jpg,7
train/od/34893.jpg,4
train/ma/23139.jpg,3
train/kn/33681.jpg,2
train/ta/66275.jpg,6
train/gu/22849.jpg,1
train/bn/47496.jpg,0
train/od/14354.jpg,4
train/gu/78962.jpg,1
train/gu/2375.jpg,1
train/pn/52028.jpg,5
train/bn/60127.jpg,0
train/bn/34863.jpg,0
train/kn/32188.jpg,2
train/kn/55195.jpg,2
train/bn/45883.jpg,0
train/ta/75382.jpg,6
train/gu/13822.jpg,1
train/bn/22678.jpg,0
train/bn/28280.jpg,0
train/pn/2948.jpg,5
train/ma/53788.jpg,3
train/kn/61713.jpg,2
train/od/31249.jpg,4
train/ta/67160.jpg,6
train/ta/43796.jpg,6
train/ur/39428.jpg,7
train/gu/61582.jpg,1
train/od/46646.jpg,4
train/bn/69667.jpg,0
train/od/66474.jpg,4
train/pn/31656.jpg,5
train/kn/51415.jpg,2
train/od/45029.jpg,4
train/pn/38910.jpg,5
train/ta/65301.jpg,6
train/od/20884.jpg,4
train/ur/19566.jpg,7
train/bn/81256.jpg,0
train/pn/28047.jpg,5
train/kn/54279.jpg,2
train/pn/5116.jpg,5
train/pn/10493.jpg,5
train/bn/25835.jpg,0
train/ma/72475.jpg,3
train/pn/79913.jpg,5
train/pn/29964.jpg,5
train/ta/40013.jpg,6
train/pn/56923.jpg,5
train/ur/58530.jpg,7
train/ur/60290.jpg,7
train/bn/14492.jpg,0
train/bn/29088.jpg,0
train/ur/20590.jpg,7
train/kn/6262.jpg,2
train/pn/70497.jpg,5
train/ur/51502.jpg,7
train/kn/57346.jpg,2
train/ta/73190.jpg,6
train/gu/41883.jpg,1
train/ma/2906.jpg,3
train/ur/36496.jpg,7
train/kn/18033.jpg,2
train/od/18163.jpg,4
train/ur/18843.jpg,7
train/gu/30479.jpg,1
train/ta/34762.jpg,6
train/pn/37064.jpg,5
train/ta/47809.jpg,6
train/bn/38908.jpg,0
train/pn/40315.jpg,5
train/kn/38477.jpg,2
train/kn/64104.jpg,2
train/pn/62344.jpg,5
train/od/11419.jpg,4
train/bn/11932.jpg,0
train/od/31526.jpg,4
train/pn/69232.jpg,5
train/ta/22686.jpg,6
train/od/6605.jpg,4
train/kn/43145.jpg,2
train/bn/60511.jpg,0
train/gu/48110.jpg,1
train/ta/47411.jpg,6
train/ta/39181.jpg,6
train/od/46214.jpg,4
train/bn/10477.jpg,0
train/pn/56369.jpg,5
train/ta/74101.jpg,6
train/kn/794.jpg,2
train/gu/26368.jpg,1
train/pn/6092.jpg,5
train/od/50409.jpg,4
train/ur/46266.jpg,7
train/pn/48470.jpg,5
train/pn/77804.jpg,5
train/od/65749.jpg,4
train/od/59183.jpg,4
train/od/3861.jpg,4
train/ur/45177.jpg,7
train/gu/52493.jpg,1
train/bn/68222.jpg,0
train/ta/27539.jpg,6
train/bn/38124.jpg,0
train/gu/68379.jpg,1
train/od/14502.jpg,4
train/ma/58623.jpg,3
train/ur/67377.jpg,7
train/ta/58479.jpg,6
train/ta/70552.jpg,6
train/bn/24620.jpg,0
train/gu/56704.jpg,1
train/ma/69351.jpg,3
train/ur/36360.jpg,7
train/gu/653.jpg,1
train/ur/24629.jpg,7
train/ur/14927.jpg,7
train/ma/79104.jpg,3
train/kn/14340.jpg,2
train/ta/4837.jpg,6
train/pn/43863.jpg,5
train/ta/63890.jpg,6
train/gu/21255.jpg,1
train/gu/73312.jpg,1
train/ma/15940.jpg,3
train/od/62562.jpg,4
train/gu/46537.jpg,1
train/kn/23465.jpg,2
train/od/58404.jpg,4
train/ta/59620.jpg,6
train/pn/14218.jpg,5
train/kn/72669.jpg,2
train/od/23344.jpg,4
train/pn/78986.jpg,5
train/od/32263.jpg,4
train/od/43556.jpg,4
train/gu/3667.jpg,1
train/ta/11251.jpg,6
train/ma/36139.jpg,3
train/pn/69552.jpg,5
train/ta/47238.jpg,6
train/bn/68128.jpg,0
train/ma/4898.jpg,3
train/gu/82555.jpg,1
train/pn/79574.jpg,5
train/pn/52386.jpg,5
train/ma/24541.jpg,3
train/kn/21797.jpg,2
train/ur/13244.jpg,7
train/pn/45000.jpg,5
train/bn/16820.jpg,0
train/pn/17995.jpg,5
train/od/2824.jpg,4
train/ur/17851.jpg,7
train/gu/75046.jpg,1
train/bn/6418.jpg,0
train/od/70706.jpg,4
train/pn/48907.jpg,5
train/ma/25186.jpg,3
train/ma/60614.jpg,3
train/ta/16878.jpg,6
train/ur/66203.jpg,7
train/bn/47536.jpg,0
train/pn/9270.jpg,5
train/ur/32421.jpg,7
train/ta/69325.jpg,6
train/ma/34337.jpg,3
train/kn/64004.jpg,2
train/kn/45296.jpg,2
train/ur/65423.jpg,7
train/kn/33496.jpg,2
train/gu/46182.jpg,1
train/ma/34002.jpg,3
train/gu/58297.jpg,1
train/ma/72790.jpg,3
train/ur/6542.jpg,7
train/pn/47219.jpg,5
train/pn/8525.jpg,5
train/ur/63885.jpg,7
train/od/49215.jpg,4
train/kn/10711.jpg,2
train/bn/17607.jpg,0
train/kn/3096.jpg,2
train/ur/58185.jpg,7
train/gu/79660.jpg,1
train/bn/21826.jpg,0
train/ta/58312.jpg,6
train/gu/31284.jpg,1
train/gu/8469.jpg,1
train/ta/72876.jpg,6
train/od/58507.jpg,4
train/ta/71033.jpg,6
train/od/2792.jpg,4
train/bn/62507.jpg,0
train/kn/69011.jpg,2
train/od/66814.jpg,4
train/ur/23174.jpg,7
train/kn/36778.jpg,2
train/ma/58789.jpg,3
train/pn/20016.jpg,5
train/gu/50405.jpg,1
train/ur/8087.jpg,7
train/pn/5104.jpg,5
train/bn/4374.jpg,0
train/ma/25711.jpg,3
train/bn/46784.jpg,0
train/pn/61473.jpg,5
train/ma/56785.jpg,3
train/bn/55036.jpg,0
train/ta/72239.jpg,6
train/kn/6894.jpg,2
train/bn/40957.jpg,0
train/gu/13404.jpg,1
train/bn/19071.jpg,0
train/pn/13227.jpg,5
train/ma/61868.jpg,3
train/gu/53012.jpg,1
train/pn/44259.jpg,5
train/ur/48742.jpg,7
train/ta/29039.jpg,6
train/ta/75312.jpg,6
train/ta/18032.jpg,6
train/kn/28972.jpg,2
train/ma/67106.jpg,3
train/ma/58208.jpg,3
train/kn/50793.jpg,2
train/pn/4320.jpg,5
train/kn/66533.jpg,2
train/kn/13171.jpg,2
train/kn/28745.jpg,2
train/od/17381.jpg,4
train/pn/29188.jpg,5
train/bn/12397.jpg,0
train/gu/43114.jpg,1
train/gu/11907.jpg,1
train/ma/36820.jpg,3
train/od/30456.jpg,4
train/pn/72302.jpg,5
train/ta/13097.jpg,6
train/bn/56890.jpg,0
train/pn/12170.jpg,5
train/bn/56135.jpg,0
train/ma/39499.jpg,3
train/gu/19877.jpg,1
train/kn/7490.jpg,2
train/ta/60740.jpg,6
train/pn/23258.jpg,5
train/bn/61565.jpg,0
train/ma/25084.jpg,3
train/bn/11951.jpg,0
train/ma/37543.jpg,3
train/kn/12198.jpg,2
train/gu/33006.jpg,1
train/ma/12873.jpg,3
train/ma/53354.jpg,3
train/kn/70670.jpg,2
train/ur/22226.jpg,7
train/ma/78844.jpg,3
train/ta/27776.jpg,6
train/ma/45435.jpg,3
train/ma/71148.jpg,3
train/ta/413.jpg,6
train/kn/7368.jpg,2
train/pn/58962.jpg,5
train/pn/44091.jpg,5
train/ta/12894.jpg,6
train/kn/52837.jpg,2
train/od/55212.jpg,4
train/bn/60434.jpg,0
train/ma/5529.jpg,3
train/pn/65958.jpg,5
train/kn/11341.jpg,2
train/pn/19130.jpg,5
train/kn/10795.jpg,2
train/od/36177.jpg,4
train/od/46101.jpg,4
train/kn/52969.jpg,2
train/gu/63970.jpg,1
train/bn/41347.jpg,0
train/ur/47948.jpg,7
train/ur/30023.jpg,7
train/ur/10963.jpg,7
train/pn/27413.jpg,5
train/od/28963.jpg,4
train/gu/32568.jpg,1
train/ta/10337.jpg,6
train/pn/46200.jpg,5
train/pn/32375.jpg,5
train/ma/47824.jpg,3
train/pn/51002.jpg,5
train/bn/56931.jpg,0
train/pn/68854.jpg,5
train/ma/47876.jpg,3
train/ma/12765.jpg,3
train/od/72539.jpg,4
train/pn/13151.jpg,5
train/ta/10508.jpg,6
train/ur/60622.jpg,7
train/ma/3635.jpg,3
train/ur/10128.jpg,7
train/kn/32900.jpg,2
train/ur/51348.jpg,7
train/kn/60533.jpg,2
train/gu/43580.jpg,1
train/pn/74410.jpg,5
train/od/54873.jpg,4
train/ur/57286.jpg,7
train/bn/57292.jpg,0
train/pn/26227.jpg,5
train/bn/6549.jpg,0
train/ur/1331.jpg,7
train/bn/12329.jpg,0
train/ta/4899.jpg,6
train/kn/24853.jpg,2
train/ur/10129.jpg,7
train/pn/46853.jpg,5
train/gu/29456.jpg,1
train/ur/36111.jpg,7
train/pn/41968.jpg,5
train/od/50158.jpg,4
train/pn/55755.jpg,5
train/bn/42748.jpg,0
train/bn/22764.jpg,0
train/ta/2367.jpg,6
train/od/10072.jpg,4
train/ma/68494.jpg,3
train/gu/16668.jpg,1
train/gu/17526.jpg,1
train/ta/25573.jpg,6
train/ur/46199.jpg,7
train/bn/3033.jpg,0
train/od/37449.jpg,4
train/ma/38454.jpg,3
train/ma/24218.jpg,3
train/ta/3502.jpg,6
train/pn/52036.jpg,5
train/pn/32330.jpg,5
train/ma/33244.jpg,3
train/ta/65103.jpg,6
train/gu/48405.jpg,1
train/ma/1243.jpg,3
train/ma/36845.jpg,3
train/pn/62080.jpg,5
train/bn/60171.jpg,0
train/ur/9008.jpg,7
train/kn/70334.jpg,2
train/kn/36246.jpg,2
train/ta/11259.jpg,6
train/ma/8273.jpg,3
train/kn/15835.jpg,2
train/gu/51128.jpg,1
train/ma/19856.jpg,3
train/kn/30568.jpg,2
train/bn/39726.jpg,0
train/pn/26118.jpg,5
train/ma/64899.jpg,3
train/kn/19367.jpg,2
train/od/38566.jpg,4
train/gu/72468.jpg,1
train/kn/72651.jpg,2
train/pn/24567.jpg,5
train/ma/29916.jpg,3
train/ta/1434.jpg,6
train/ta/60358.jpg,6
train/gu/45617.jpg,1
train/bn/68911.jpg,0
train/ma/6462.jpg,3
train/ur/66125.jpg,7
train/od/52962.jpg,4
train/gu/70611.jpg,1
train/ta/7834.jpg,6
train/gu/21931.jpg,1
train/bn/10286.jpg,0
train/ta/53388.jpg,6
train/bn/69754.jpg,0
train/od/14642.jpg,4
train/bn/71789.jpg,0
train/pn/43708.jpg,5
train/ta/46917.jpg,6
train/ur/63739.jpg,7
train/od/65662.jpg,4
train/bn/15555.jpg,0
train/od/42634.jpg,4
train/pn/32501.jpg,5
train/ma/53205.jpg,3
train/bn/37478.jpg,0
train/pn/69023.jpg,5
train/kn/8540.jpg,2
train/gu/34920.jpg,1
train/bn/81190.jpg,0
train/ta/15246.jpg,6
train/pn/31920.jpg,5
train/kn/23175.jpg,2
train/od/19198.jpg,4
train/pn/75383.jpg,5
train/bn/25426.jpg,0
train/ur/9944.jpg,7
train/bn/45552.jpg,0
train/kn/62982.jpg,2
train/kn/62484.jpg,2
train/bn/61905.jpg,0
train/gu/46053.jpg,1
train/od/65791.jpg,4
train/pn/51826.jpg,5
train/kn/27647.jpg,2
train/ur/10201.jpg,7
train/ur/14638.jpg,7
train/od/2581.jpg,4
train/bn/12033.jpg,0
train/kn/21213.jpg,2
train/bn/41813.jpg,0
train/pn/57556.jpg,5
train/ta/38750.jpg,6
train/kn/19423.jpg,2
train/ur/5087.jpg,7
train/od/60685.jpg,4
train/od/51782.jpg,4
train/ta/49475.jpg,6
train/bn/31266.jpg,0
train/bn/50749.jpg,0
train/kn/25825.jpg,2
train/gu/60331.jpg,1
train/gu/63731.jpg,1
train/od/48118.jpg,4
train/od/36092.jpg,4
train/kn/34412.jpg,2
train/kn/27319.jpg,2
train/ur/20624.jpg,7
train/ta/49107.jpg,6
train/od/53959.jpg,4
train/ma/9892.jpg,3
train/kn/7540.jpg,2
train/od/32757.jpg,4
train/pn/49372.jpg,5
train/kn/20302.jpg,2
train/gu/32044.jpg,1
train/ma/31553.jpg,3
train/pn/17210.jpg,5
train/kn/30925.jpg,2
train/ta/50964.jpg,6
train/ma/51425.jpg,3
train/ta/71516.jpg,6
train/bn/51134.jpg,0
train/ur/61746.jpg,7
train/pn/49720.jpg,5
train/bn/23192.jpg,0
train/ur/41692.jpg,7
train/bn/34797.jpg,0
train/ta/74547.jpg,6
train/od/23930.jpg,4
train/ta/27433.jpg,6
train/pn/41938.jpg,5
train/kn/797.jpg,2
train/pn/47897.jpg,5
train/ur/62065.jpg,7
train/kn/36690.jpg,2
train/ta/55302.jpg,6
train/ma/10670.jpg,3
train/bn/62955.jpg,0
train/bn/47573.jpg,0
train/ta/24861.jpg,6
train/ta/52067.jpg,6
train/kn/54834.jpg,2
train/ta/41721.jpg,6
train/ma/26435.jpg,3
train/bn/28130.jpg,0
train/kn/18376.jpg,2
train/ur/2834.jpg,7
train/pn/14884.jpg,5
train/bn/49143.jpg,0
train/od/48715.jpg,4
train/ma/81043.jpg,3
train/ta/4534.jpg,6
train/kn/63807.jpg,2
train/bn/79875.jpg,0
train/ta/4864.jpg,6
train/ur/22922.jpg,7
train/od/71437.jpg,4
train/ta/7049.jpg,6
train/kn/23981.jpg,2
train/bn/11335.jpg,0
train/bn/40454.jpg,0
train/gu/23547.jpg,1
train/kn/24045.jpg,2
train/kn/19728.jpg,2
train/kn/52503.jpg,2
train/bn/61510.jpg,0
train/od/4618.jpg,4
train/ur/70864.jpg,7
train/ma/72140.jpg,3
train/kn/8171.jpg,2
train/od/15470.jpg,4
train/ma/26057.jpg,3
train/gu/67359.jpg,1
train/gu/48416.jpg,1
train/ma/30145.jpg,3
train/ur/28228.jpg,7
train/kn/7264.jpg,2
train/ur/48099.jpg,7
train/ma/53313.jpg,3
train/ur/64966.jpg,7
train/od/44863.jpg,4
train/bn/64619.jpg,0
train/ta/32784.jpg,6
train/ur/8493.jpg,7
train/ur/69732.jpg,7
train/od/28828.jpg,4
train/ur/1800.jpg,7
train/bn/13857.jpg,0
train/ta/47415.jpg,6
train/od/66722.jpg,4
train/ma/49796.jpg,3
train/ta/177.jpg,6
train/kn/49116.jpg,2
train/bn/1494.jpg,0
train/ur/6050.jpg,7
train/ta/59332.jpg,6
train/pn/65594.jpg,5
train/ma/47221.jpg,3
train/gu/58105.jpg,1
train/ma/46916.jpg,3
train/od/41618.jpg,4
train/ma/78395.jpg,3
train/kn/19934.jpg,2
train/od/30646.jpg,4
train/pn/36432.jpg,5
train/pn/7501.jpg,5
train/bn/19643.jpg,0
train/ta/19335.jpg,6
train/pn/41086.jpg,5
train/ur/16480.jpg,7
train/ur/25163.jpg,7
train/gu/76199.jpg,1
